CGId,CGCode,College Name,District ID,Pincode,Address
10990,"AK866","A.N.A INSTITUTE OF PHARMACEUTICAL SCIENCES & RESEARCH,BAREILLY [AK866]",13,243501,"13.5 km Bareilly - Delhi road, near rubber factory agras road ,Bareilly"
11212,"AK486","A.N.A.COLLEGE OF ENGINEERING & MANAGEMENT,BAREILLY [AK486]",13,243501,"13.5 Km. NH-24, Bareilly-Delhi Highway, Near Rubber Factory, Bareilly"
10794,"AK602","AASHLAR BUSINESS SCHOOL,MATHURA [AK602]",54,281122,"MAHUAN NH-2 ,NEAR TOLL PLAZA ,FARAH ,MATHURA"
12483,"AK1193","ABES BUSINESS SCHOOL [AK1193]",31,201009,"Ghaziabad-201009"
11169,"AK32","ABES ENGG.COLLEGE,GHAZIABAD [AK32]",31,201009,"Campus 1, 19th KM Stone, NH-24, Ghaziabad-201009, U.P."
10617,"AK290","ABES INSTITUTE OF TECHNOLOGY,GHAZIABAD [AK290]",31,201009,"NH-24, 19TH KM STONE, VIJAY NAGAR, GHAZIABAD- 201009"
10738,"AK913","ABESIT COLLEGE OF PHARMACY , GHAZIABAD [AK913]",31,201009,"19 KM Stone NH-24 Vijay Nagar Ghaziabad"
10584,"AK643","ABHAY MEMORIAL TRUST GROUP OF INSTITUTIONS,ALLAHABAD [AK643]",3,212208,"366 Sallahpur, Akbarpur, Bamrauli, G.T. Road, Allahabad"
12468,"AK1126","ABHISHEK PHARMACY COLLEGE,CHANDAULI [AK1126]",21,232104,"Chandauli"
10618,"AK1036","ABSS INSTITUTE OF TECHNOLOGY , MEERUT [AK1036]",56,250001,"Salarpur, Mawana Road, Meerut - 250001"
11170,"AK312","ABSS INSTITUTE OF TECHNOLOGY, MEERUT,MEERUT [AK312]",56,250001,"Salarpur, Mawana Road, Meerut - 250001"
10816,"AK986","ACCURATE COLLEGE OF PHARMACY , GAUTAM BUDDHA NAGAR [AK986]",30,201310,"49, KNOWLEDGE PARK-III, GREATER NOIDA"
11035,"AK686","ACCURATE INSTITUTE OF ADVANCE MANAGEMENT,GAUTAM BUDDH NAGAR [AK686]",30,201301,"Plot No.- 49, Knowledge Park-III, Greater Noida"
10849,"AK805","ACCURATE INSTITUTE OF ARCHITECTURE & PLANNING,GAUTAM BUDDH NAGAR [AK805]",30,201306,"Plot No.- 49, Knowledge Park-III, Greater Noida"
11036,"AK225","ACCURATE INSTITUTE OF MANAGEMENT & TECHNOLOGY,GAUTAM BUDDH NAGAR [AK225]",30,201306,"Plot No.- 49, Knowledge Park-III, Greater Noida"
11171,"AK799","ACE COLLEGE OF ENGINEERING & MANAGEMENT,AGRA [AK799]",1,283202,"17 KM STONE, AGRA-KANPUR ROAD, NH-2 ETMADPUR, AGRA 283202"
10910,"AK41","ACHARYA NARENDRA DEV COLLEGE OF PHARMACY,GONDA [AK41]",33,271313,"Bhabhnan, Gonda - 271313"
11098,"AK952","ACME INSTITUTE OF PHARMACY , BAREILLY [AK952]",13,243001,"NH-24 VILL MEGI NAGLA P.O. RAJAU"
10850,"AK339","ACN COLLEGE OF ENGINEERING & MANAGEMENT STUDIES,ALIGARH [AK339]",2,202002,"Aligarh"
10739,"AK1052","ADESH COLLEGE OF PHARMACY , PILIBHIT [AK1052]",62,262203,"NARAYANPUR , BISALPUR, PILIBHIT PIN 262203"
11247,"AK796","ADHUNIK COLLEGE OF ENGG.,GHAZIABAD [AK796]",31,201206,"9th Mile Stone, Delhi Meerut Road, Duhai, GHaziabad, Uttar Pradesh (201206)"
11037,"AK797","ADHUNIK INSTITUTE OF PRODUCTIVITY MANAGEMENT & RESEARCH,GHAZIABAD [AK797]",31,201206,"9 Km from New Ghaziabad Metro Station, NH-58, Delhi Meerut Road, Duhai, GHaziabad, Uttar Pradesh PIN-201206"
10938,"AK1015","ADVANCE COLLEGE OF EDUCATION , KANPUR NAGAR [AK1015]",44,209217,"355-NARAMAU KACHHAR, G.T. ROAD, KANPUR"
11099,"AK188","ADVANCED INSTITUTE OF BIO-TECH & PARAMEDICAL SCIENCES,KANPUR [AK188]",44,209217,"366, NARAMAU, G.T. ROAD (OPP. ALIMCO) KANPUR - 209217"
12491,"AK697","AGRA PUBLIC COLLEGE OF TECHNOLOGY & MANAGEMENT,AGRA [AK697]",1,282007,""
11303,"AK6","AGRA PUBLIC INSTITUTE OF TECH. & COMPUTER EDUCATION,AGRA [AK6]",1,282007,"Heera lal ki pyau, Artoni,Agra - 282007"
10709,"AK27","AJAY KUMAR GARG ENGG. COLLEGE,GHAZIABAD [AK27]",31,201009,"AKGEC Campus, 27th KM Milestone, Delhi-Meerut Expressway, Ghaziabad, Uttar Pradesh - 201009"
11100,"AK820","AJAY KUMAR GARG INSTITUTE OF MANAGEMENT,GHAZIABAD [AK820]",31,201009,"27th Km Stone,  NH-24, Delhi-Hapur Road, Ghaziabad - 201009"
10939,"AK175","AL BARKAT INSTITUTE OF MANAGEMENT STUDIES,ALIGARH [AK175]",2,202122,"Near Jamalpur Railway Crossing, Post CDF, Manzoorgarhi, Anoopshahr Road, Aligarh"
11248,"AK109","ALIGARH COLLEGE OF ENGG. & TECH,ALIGARH [AK109]",2,202001,"3 KM FROM SASNI GATE, AT ALIGARH-MATHURA ROAD, Aligarh - 202001"
11038,"AK234","ALIGARH COLLEGE OF PHARMACY,ALIGARH [AK234]",2,202001,"3 KM FROM SASNI GATE, AT ALIGARH-MATHURA ROAD, Aligarh - 202001"
10817,"AK1131","ALLENHOUSE INSTITUTE OF MANAGEMENT,KANPUR NAGAR [AK1131]",44,,"176, KULGAON ROAD, ROOMA"
10818,"AK505","ALLENHOUSE INSTITUTE OF TECHNOLOGY,KANPUR [AK505]",44,208008,"Kanpur - 208008"
10710,"AK815","AMANI GROUP OF INSTITUTIONS,AMROHA [AK815]",40,244221,"Amani Group of Institutions, Amani Knowledge Park , Bijnor - Dehradun Road, Amroha - 244221 ( Uttar Pradesh)"
11022,"AK541","AMARDEEP COLLEGE OF ENGINEERING & MANAGEMENT,FIROZABAD [AK541]",29,283203,"Firozabad"
11132,"AK981","AMARDEEP COLLEGE OF PHARMACY , FIROZABAD [AK981]",29,283203,"Jalesar Road, Distt - Firozabad"
10819,"AK363","AMBALIKA INSTITUTE OF MANAGEMENT & TECHNOLOGY,LUCKNOW [AK363]",49,226301,"Maurawa Road, Mohanlalganj, Lucknow Uttar Pradesh 226301"
10851,"AK1018","AMBEKESHWAR INSTITUTE OF PHARMACEUTICAL SCIENCES , LUCKNOW [AK1018]",49,,"CHANDRIKA DEVI MARG, kathwara lucknow"
11101,"AK687","ANA COLLEGE OF MANAGEMENT STUDIES,BAREILLY [AK687]",13,243501,"13.5 Km. NH-24, Bareily-Delhi Highway, Near Rubber Factory-Bareilly-243501 (UP)"
10649,"AK798","ANAND COLLEGE OF ARCHITECTURE,AGRA [AK798]",1,282007,"18 KM Milestone, Agra - Mathura National Highway No. 2, Keetham, Agra- 282007"
11249,"AK244","ANAND COLLEGE OF PHARMACY,AGRA [AK244]",1,282007,"Agra-282007"
10619,"AK1","ANAND-ENGG.COLLEGE,AGRA [AK1]",1,282007,"18 KM Milestone, Agra - Mathura National Highway No. 2, Keetham, Agra- 282007"
10740,"AK324","ANJALI COLLEGE OF PHARMACY & SCIENCE,AGRA [AK324]",1,283202,"Agra-firozabad road, N.H.-2, Etamadpur,, Agra"
10741,"AK1129","ANJUMAN A ASHRAF PHARMACY COLLEGE,JYOTIBA PHULE NAGAR [AK1129]",40,,"VILL SIHALI JAGIR, TEHSIL HASANPUR, DISTT AMROHA"
10683,"AK1022","ANKERITE COLLEGE OF PHARMACY , LUCKNOW [AK1022]",49,,"VILLAGE : PARVAR PURAB, TEH: MOHANLALGANJ, LUCKNOW"
11250,"AK748","ANSAL TECHNICAL CAMPUS,LUCKNOW [AK748]",49,226030,"SECTOR C, POCKET-9, SUSHANT GOLF CITY, SHAHEED PATH, LUCKNOW"
11276,"AK88","APEEJAY INSTITUTE  OF TECHNOLOGY SCHOOL OF ARCHITECTURE AND PLANNING,GAUTAM BUDDH NAGAR [AK88]",30,201310,"Plot No. 1, Institutional Area, Knowledge Park-I, Surajpur Kasna Road, PO: Alpha 1st, (Oppsite of Jagat Farm Market), Greater NOIDA, Gautam Buddh Nagar, U.P. 201310"
10911,"AK904","APEX INSTITUTE OF PHARMACY,MIRZAPUR [AK904]",57,231304,"NH-7, Varanasi Mirzapur Highway, Samaspur, Chunar, Mirzapur -231304"
10684,"AK280","APEX INSTITUTE OF TECHNOLOGY,RAMPUR [AK280]",66,244923,"Vill & PO Kaushalganj, Tehsil - Bilaspur, District - Rampur (UP)"
11213,"AK353","APOLLO INSTITUTE OF TECHNOLOGY,KANPUR [AK353]",44,209402,"Apollo Knowledge Park,Village-Sarsaul,Block-Sarsaul,Kanpur Allahabad Highway,Kanpur (U.P.)-Pincode-209401"
10912,"AK903","APS COLLEGE OF EDUCATION,MEERUT [AK903]",56,250342,"VILLAGE JULHEDA, BHOONI CHOWK, SARDHANA-BINAULI ROAD, TEHSIL-SARDHANA, MEERUT (UP)"
11277,"AK817","AR INSTITUTE OF MANAGEMENT & TECHNOLOGY,MEERUT [AK817]",56,250001,"SALARPUR-JALALPUR, PO RAJPURA, MAWANA ROAD, MEERUT"
10685,"AK1091","ARK COLLEGE OF PHARMACY,KAUSHAMBI [AK1091]",46,212214,"RAKSARAI SARAI AKIL KAUSHAMBI"
10940,"AK956","ARYA COLLEGE OF PHARMACY , BAREILLY [AK956]",13,262406,"NAWABGANJ BAREILLY"
11133,"AK396","ARYAKUL COLEGE OF MANAGEMENT,LUCKNOW [AK396]",49,226002,"NATKUR PO CHANDRAWAL GAURI BIJNOUR ROAD"
11039,"AK316","ARYAKUL COLLEGE OF PHARMACY & RESEARCH ,,LUCKNOW [AK316]",49,226002,"NATKUR PO CHANDRAWAL GAURI BIJNOUR ROAD"
12466,"AK1084","ARYAKUL COLLEGE OF PHARMACY & RESEARCH RAEBARELI , RAE BARELI [AK1084]",65,273163,""
12467,"AK1085","ARYAKUL COLLEGE OF PHARMACY & RESEARCH SITAPUR , SITAPUR [AK1085]",71,261303,"Sitapur
"
10941,"AK412","ARYAN INSTITUTE OF TECHNOLOGY,GHAZIABAD [AK412]",61,201205,"13th Km Stone, NH-24, Jindal Nagar, Ghaziabad"
11172,"AK983","ASHA PHARMACY COLLEGE , VARANASI [AK983]",75,,"VILL- KUSMURA, POST BARAGOAN, DIST- VARANASI- PINCODE- 221204"
11023,"AK1143","ASHOK SINGH PHARMACY COLLEGE,JAUNPUR [AK1143]",38,,"MAHAROOPUR JAUNPUR, U.P. PIN CODE- 222180"
10711,"AK641","ASHOKA INSTITUTE OF TECHNOLOGY & MANAGEMENT,VARANASI [AK641]",75,221007,"Ashoka Engineering Chauraha, Paharia, Sarnath, Varanasi"
11134,"AK865","AUROUS INSTITUTE OF MANAGEMENT,BARABANKI [AK865]",12,225003,"180 MOHAMMADPUR CHOWKI, PO SAFEDABAD, BARABANKI"
11069,"AK1086","AVADH COLLEGE OF PHARMACY , BARABANKI [AK1086]",12,,"NINDURA, TEHSIL FATEHPUR, BARABANKI"
10880,"AK722","AXIS BUSINES SCHOOL,KANPUR [AK722]",44,208001,"Axis Knowledge City, Rooma (NH-2, Kanpur - Allahabad Highway, Milestone#489),  Kanpur"
11214,"AK721","AXIS INSTITUTE OF ARCHITECTURE,KANPUR [AK721]",44,208001,"Axis Knowledge City,  Hathipur, Rooma, NH-2 ,Milestone-478, Kanpur (U.P.)"
10712,"AK720","AXIS INSTITUTE OF FASHION TECHNOLOGY,KANPUR [AK720]",44,208001,"Axis Knowledge City, Rooma (NH-2, Kanpur - Allahabad Highway, Milestone#489),  Kanpur-208001"
10768,"AK1137","AXIS INSTITUTE OF PHARMACY,KANPUR NAGAR [AK1137]",44,,"VILL-SALEMPUR POST-MAHARAJPUR"
11070,"AK723","AXIS INSTITUTE OF PLANNING & MANAGEMENT,KANPUR [AK723]",44,208001,"Axis Knowledge City, Rooma (NH-2, Kanpur - Allahabad Highway, Milestone#489),  Kanpur"
11040,"AK719","AXIS INSTITUTE OF TECHNOLOGY & MANAGEMENT,KANPUR [AK719]",44,208001,"Axis Knowledge City, Rooma (NH-2, Kanpur - Allahabad Highway, Milestone#489),  Kanpur - 208001"
10881,"AK53","AZAD INSTITUTE OF ENGINEERING & TECHNOLOGY,LUCKNOW [AK53]",49,226002,"Azadpur, Adjacent CRPF Camp, Chandrawal, Bijnour, Lucknow - 226002"
10795,"AK197","AZAD INSTITUTE OF PHARMACY & RESEARCH,LUCKNOW [AK197]",49,226002,"Azadpur, adjecent CRPF colony, Chandrawal, Bijnor, Lucknow-226002"
10882,"AK919","B N COLLEGE OF PHARMACY , LUCKNOW [AK919]",49,226201,"NH24  SITAPUR ROAD  BAKSHI KA TALAB  LUCKNOW"
10650,"AK1116","B. M. S. COLLEGE OF PHARMACY,AMETHI [AK1116]",20,229309,"VILLAGE- NASRATPUR TILOI, POST & TEHSIL- TILOI, DISTRICT- AMETHI"
10585,"AK927","B. N. PHARMACY COLLEGE  , AZAMGARH [AK927]",6,,"RAMPUR JAHANAGANJ AZAMGARH"
11041,"AK54","B.B.D NATIONAL INSTITUTE OF TECH. & MANAGEMENT,LUCKNOW [AK54]",49,226028,"Sector-I, Dr. Akhilesh Das Nagar, Faizabad Road, Lucknow - 226028"
10883,"AK295","B.B.S. INSTITUTE OF PHARMECUTICAL & ALLIED SCIENCE,,GAUTAM BUDDH NAGAR [AK295]",30,201306,"Plot No. 33, Knowledge Park-III, Greater Noida"
11278,"AK138","B.B.S.COLLEGE OF ENGGINERING AND TECHNOLOGY,ALLAHABAD [AK138]",3,211013,"Allahabad-211013"
10991,"AK431","B.N.COLLEGE OF ENGINEERING & TECHNOLOGY(BNCET),LUCKNOW [AK431]",49,226201,"NH-24, SITAPUR ROAD, BAKSHI KA TALAB, LUCKNOW PIN-226201 U.P."
10992,"AK65","B.S.A. COLLEGE OF ENGINEERING & TECHNOLOGY,MATHURA [AK65]",54,281004,"Mathura - 281004"
10884,"AK1093","BABA INSTITUTE OF PHARMACY,MUZAFFARNAGAR [AK1093]",59,,"VILL - BHAMAWARI, PHULPUR, TEHSIL - SADAR, DISTT - MUZAFFARNAGAR"
10713,"AK1001","BABA RAMDAL SURAJDEV PHARMACY COLLEGE , BALLIA [AK1001]",9,,"VILL – PATNA, POST – KANSO, TEHSIL – RASRA, DISTT – BALLIA (U.P.)"
12475,"AK1179","BABA VISHWANATH COLLEGE OF PHARMACY [AK1179]",26,224204,""
10820,"AK508","BABU BANARASI DAS  ENGINEERING,COLLEGE,LUCKNOW [AK508]",49,226026,"Sector-III, Dr. Akhilesh Das Nagar, Faizabad Road,Lucknow 226028"
11173,"AK56","BABU BANARASI DAS NORTHERN INDIA INSTITUTE OF TECHNOLOGY,LUCKNOW [AK56]",49,226028,"Sector-II, Dr. Akhilesh Das Nagar, Faizabad Road, Lucknow - 226028"
10769,"AK35","BABU BANARSI DAS INSTITUTE OF TECH.,GHAZIABAD [AK35]",31,201206,"Ghaziabad"
42994,"AK1203","BABU RAM CHANDRA SINGH COLLEGE OF PHARMACY, Ayodhya [AK1203]",26,224118,"Ayodhya"
11174,"AK925","BABU SATIRAM JAIKARAN SMARAK PHARMACY COLLEGE  , AZAMGARH [AK925]",6,276129,"KAZIPUR, CHIRAIYAKOT, DISTT - AZAMGARH (U.P.)"
10620,"AK1111","BABU SUNDER SINGH COLLEGE OF PHARMACY,LUCKNOW [AK1111]",49,226302,"NH-24 B RAEBARELY ROAD NIGOHAN LUCKNOW"
10913,"AK648","BABU SUNDER SINGH INSTITUTE OF TECHNOLOGY & MANAGEMENT,LUCKNOW [AK648]",49,226302,"Lucknow"
10821,"AK1025","BABU YUGRAJ SINGH PHARMACY COLLEGE , LUCKNOW [AK1025]",49,226010,"BAGHAMAU, SECTOR-6, GOMTI NAGAR VISTAR, LUCKNOW"
11175,"AK422","BANSAL INSTITUTE OF ENGINEERING & TECHNOLOGY,LUCKNOW [AK422]",49,226021,"NH-24, Sitapur Road, Behind Sewa Hospital, Lucknow, Uttar Pradesh 226201"
11279,"AK584","BANSHI COLLEGE OF MANAGEMENT & TECHNOLOGY,KANPUR [AK584]",44,209201,"Mohmmadpur, Bithoor, Kanpur Nagar"
10714,"AK877","BBDIT COLLEGE OF PHARMACY,GHAZIABAD [AK877]",31,201206,"7TH km STONE, NH-58, NEAR DUHAI, DELHI-MEERUT ROAD, GHAZIABAD"
10586,"AK254","BHABHA INSTITUTE OF TECHNOLOGY,KANPUR DEHAT [AK254]",43,209204,"Aunhan Sheoli, KANPUR DEHAT, 209204"
10715,"AK219","BHAGAWANT INSTITUTE OF PHARMACY,MUZAFFARNAGAR [AK219]",59,251315,"Muzaffarnagar"
10686,"AK1017","BHAGWAN AADINATH COLLEGE OF PHARMACY  , LALITPUR [AK1017]",48,,"MANGUAN ROAD"
12495,"AK924","BHAGWAN ADARSH PHARMACY COLLEGE , AZAMGARH [AK924]",6,276128,""
11304,"AK943","BHAGWAN SINGH INSTITUTE OF PHARMACY , JALAUN [AK943]",37,,"VILLAGE-AJANARI POST-ORAI BLOCK-DAKORE POLICE STATION-ORAI "
10687,"AK836","BHAGWANT INSTITUTE OF TECHNOLOGY,GHAZIABAD [AK836]",61,201302,"BHAGWANT INSTITUTE OF TECHNOLOGY, NH-24, OPP. JINDAL PIPE LTD., JINDAL NAGAR, GHAZIABAD"
10587,"AK84","BHAGWANT INSTITUTE OF TECHNOLOGY,MUZAFFARNAGAR [AK84]",59,251315,"Muzaffarnagar -251315"
10716,"AK936","BHAGWATI COLLEGE OF PHARMACY , BAGHPAT [AK936]",7,,"NAI MANDI BARAUT"
10885,"AK414","BHAGWATI INSTITUTE OF TECHNOLOGY & SCIENCE,GHAZIABAD [AK414]",31,201302,"Ghaziabad"
11135,"AK398","BHALCHNDRA INSTITUTE OF EDUCATION & MANAGEMENT,LUCKNOW [AK398]",49,227107,"Lucknow ( Chandoiya ,Post Kakori  11 Km Hardoi Road Lucknow)"
10621,"AK128","BHARAT INSTITUTE OF TECHNOLOGY,MEERUT [AK128]",56,250103,"Meerut"
10914,"AK271","BHARAT INSTITUTE OF TECHNOLOGY(MBA INSTITUTE),MEERUT [AK271]",56,250103,"Meerut"
10622,"AK1011","BHARTIYA PHARMACY COLLEGE , JYOTIBA PHULE NAGAR [AK1011]",40,244235,"KUDEANA NEAR BRIJGHAT GAJRAULA DISTRICT AMROHA"
10717,"AK743","BHAVDIYA INSTITUTE OF BUSINESS MANAGEMENT,FAIZABAD [AK743]",26,224126,"Sevar,Sahawal,Faizabad"
10623,"AK851","BHAVDIYA INSTITUTE OF PHARMACEUTICAL SCIENCES AND RESEARCH,FAIZABAD [AK851]",26,224126,"NH-28, Faizabad-Lucknow Highway, Village-Sewar, Post-Badagaon, Th-Sohawal, Dist Faizabad (U.P.)-224126"
11102,"AK682","BIMT COLLEGE,MEERUT [AK682]",56,250005,"BIMT College, Kamalpur, Garh Road Meerut"
11215,"AK567","BORA INSTITUTE OF MANAGEMENT SCIENCE,LUCKNOW [AK567]",49,226201,"NH-24 Near Sewa Hospital,Sitapur Road,Lucknow - 226201"
11305,"AK972","BPS EDUCATIONAL INSTITUTION OF PHARMACY , ETAH [AK972]",24,,"VIDYA VIHAR, NEAR MANDI SAMITI, ETAH"
10942,"AK671","BRAHMANAND GROUP OF INSTITUTIONS,BULANDSHAHAR [AK671]",19,203001,"195, Khurja G.T. Road, Post - Agriculture, District  - Bulandshahr (NCR) 203001 Uttar Pradesh INDIA"
11103,"AK806","BRAHMANAND INSTITUTE OF RESEARCH  TECHNOLOGY & MANAGEMENT,BULANDSHAHAR [AK806]",19,203131,"Mohhmod Karimpur Dhakar Khabra Road ,Khurja Bulandshahr"
12477,"AK1182","BSA COLLEGE OF ENGINEERING & TECHNOLOGY [AK1182]",54,281004,"Mathura"
28567,"ak1212","BUDDHA INSTITUTE OF MANAGEMENT [ak1212]",34,273209,"GORAKHPUR"
10688,"AK932","BUDDHA INSTITUTE OF PHARMACY , GORAKHPUR [AK932]",34,,"CL-1, Sector-7, Badgahan, GIDA, Gorakhpur 273209"
10770,"AK525","BUDDHA INSTITUTE OF TECHNOLOGY,GORAKHPUR [AK525]",34,273209,"Gorakhpur"
19596,"043","BUNDELKHAND INSTITUTE OF ENGINEERING & TECHNOLOGY,JHANSI [043]",39,284128,"NH-25, Bundelkh, Jhansi, Uttar Pradesh 284128"
11104,"AK812","CBS COLLEGE OF MANAGEMENT,AGRA [AK812]",1,282006,"Poiya Hathras Road Agra"
10651,"AK441","CENTRAL INSTITUTE OF MANAGEMENT  & TECHNOLOGY,LUCKNOW [AK441]",49,226013,"Lucknow"
10718,"AK189","CENTRAL INSTITUTE OF PETROCHEMICALS ENGINEERING & TECHNOLOGY (CIPET), LUCKNOW [AK189]",49,226008,"B-27 Amausi Industrial Area Nadarganj"
12494,"AK858","CENTRE FOR ADVANCE STUDIES,LUCKNOW [AK858]",49,226031,""
12480,"AK1189","CENTRE FOR MANAGEMENT DEVELOPMENT [AK1189]",31,201204,""
10719,"AK874","CH. CHARAN SINGH COLLEGE OF PHARMACY,GAUTAM BUDDHA NAGAR [AK874]",30,203209,"PLOT NO. 102, JAUNCHANA, POST -MAHMADPUR JADON, TEHSIL- JEWAR, THANA- RABUPURA, NEAR - GREATER NOIDA ,DISTT- GAUTAM BUDH NAGAR, (UP), PIN CODE 203209"
10943,"AK710","CH. HARCHAND SINGH COLLEGE OF MANAGEMENT,BULANDSHAHAR [AK710]",19,243001,"Bulandshahr"
10588,"AK974","CH. SUGHAR SINGH PHARMACY COLLEGE  , ETAWAH [AK974]",25,206245,"Rail Mandi, Jaswantnagar Etawah"
11042,"AK552","CHANDRA SHEKHAR SINGH COLLEGE OF PHARMACY,KAUSHAMBI [AK552]",46,212213,"G.T Road Koilaha, Puramufti, Kaushambi"
10944,"AK547","CHAUDHARY BEERI SINGH COLLEGE OF ENGINEERING & MANAGEMENT,AGRA [AK547]",1,282006,"Agra"
10720,"AK1119","CHAUDHARY COLLEGE OF PHARMACY,AMBEDKAR NAGAR [AK1119]",4,,"VILLAGE & POST- BHEETI, TEHSIL- BHEETI, DISTRICT- AMBEDKAR NAGAR"
10915,"AK1136","CHAUDHARY INSTITUTE OF PHARMACEUTICAL SCIENCE,KHERI [AK1136]",47,262722,"VILL & POST SHERPUR ,DHAURAHRA ,LAKHIMPUR KHERI"
10796,"AK680","CITY COLLEGE OF MANAGEMENT & TECHNOLOGY,LUCKNOW [AK680]",49,226024,"Lucknow"
10852,"AK939","CITY COLLEGE OF PHARMACY , BARABANKI [AK939]",12,225412,"Vill - Lakshbar Bajha, Pratapganj, Barabanki"
11306,"AK942","CITY SCHOOL OF PHARMACY , BARABANKI [AK942]",12,,"VILL LAKSHBAR BAJHA PRATAPGANJ BARABANKI"
23632,"942","City School of Pharmacy [942]",12,225412,"Lakshbar bajha Pratapganj, Barabanki"
10652,"AK394","COLLEGE OF BUSINESS STUDIES,AGRA [AK394]",1,282007,"Agra"
11071,"AK70","COLLEGE OF ENGG. &  RURAL TECHNOLOGY,MEERUT [AK70]",56,250103,"NH-58 BYE-PASS ROAD PARTAURMeerut -250103"
10886,"AK196","COLLEGE OF ENGINEERING SCIENCE & TECHNOLOGY,LUCKNOW [AK196]",49,226301,"Lucknow - 226002"
11072,"AK50","COLLEGE OF MANAGEMENT STUDIES,KANPUR [AK50]",44,208001,"Kanpur - 208001."
11176,"AK988","COLLEGE OF PHARMACY JSS ACADEMY OF TECHNICAL EDUCATION , GAUTAM BUDDHA NAGAR [AK988]",30,201301,"C-1/A, SECTOR - 62, NOIDA - 201301"
11105,"AK243","COLLEGE OF PHARMACY,AGRA [AK243]",1,282009,"Jakhoda , Agra"
10624,"AK998","CROSS BELLY COLLEGE OF PHARMACY , AZAMGARH [AK998]",6,276406,"VILLAGE- KUKURIPUR, POST- SATHIOAN"
10887,"AK576","CSM GROUP OF INSTITUTIONS,FACULTY OF MANAGEMENT,ALLAHABAD [AK576]",3,212110,"8th MILE STONE REWA ROAD, NEAR YAMUNA DWAR, OPPOSITE RELIANCE PETROL PUMP,  IRADATGANJ, PRAYAGRAJ"
11106,"AK878","D. J. COLLEGE OF PHARMACY,GHAZIABAD [AK878]",31,250884,"AJIT MAHAL, NIWARI ROAD, MODINAGAR"
10888,"AK1003","D. R. COLLEGE OF PHARMACY , HAPUR [AK1003]",61,245205,"KHASARA NO. 1470/2, VILLAGE DOTAI, TEHSIL - GARHMUKTESHWAR, DIST- HAPUR, (U.P.)"
19570,"331","D.S. INSTITUTE OF TECHNOLOGY AND MANAGEMENT, MEERUT [331]",56,201017,"meerut "
11216,"AK828","DAYAL GROUP OF INSTITUTIONS,LUCKNOW [AK828]",49,226002,"Bakkas Sultanpur Road Lucknow U.P. India"
11136,"AK48","DAYANAND ACADEMY OF  MANAGEMENT STUDIES,KANPUR [AK48]",44,208006,"Kanpur-208006"
10689,"AK307","DAYANAND DEENA NATH COLLEGE OF MANAGEMENT ,,KANPUR [AK307]",44,209214,"Kanpur"
10853,"AK246","DAYANAND DEENANATH COLLEGE, INSTITUTE OF PHARMACY,KANPUR [AK246]",44,209214,"Kanpur,209-214"
11137,"AK789","DAYANNAD VIDYAPEETH EDUCATION,MEERUT [AK789]",56,250104,"Vill Shoulda Garh Road, Meerut"
10945,"AK1109","DDM COLLEGE OF PHARMACY,KAUSHAMBI [AK1109]",46,,"BIDANPUR GT ROAD KAKODHA KAUSHAMBI 212201"
11073,"AK311","DEEWAN V.S. INSTITUTE OF ENGINEERING & TECHNOLOGY, MEERUT,MEERUT [AK311]",56,250103,"Meerut"
10653,"AK498","DELHI INSTITUTE OF ENGINEERING & TECHNOLOGY,MEERUT [AK498]",56,250005,"5th KM Stone, Partapur By-Pass Road, Ghat Institutional Area, NH-58, Meerut"
10889,"AK1034","DEPARTMENT OF PHARMACY MEERUT INSTITUTE OF TECHNOLOGY , MEERUT [AK1034]",56,250103,"NH-58, BARAL PARTAPUR, BYPASS ROAD, MEERUT-250103. (U.P.)"
11307,"AK1054","DEV BHOOMI COLLEGE OF PHARMACY , SAHARANPUR [AK1054]",67,,"VILLAGE BERI JAMAPUR AHETMAL, POST BALIAKHERI"
10993,"AK621","DEV BHOOMI GROUP OF INSTITUTIONS  FACULTY OF MANAGEMENT,SAHARANPUR [AK621]",67,247001,"7 Km. Milestone Dabki Road  Village Beri Jamapur  Ahtemal Via Civil Hospital  Xing Saharanpur U.P. 247001"
10946,"AK586","DEV BHOOMI GROUP OF INSTITUTIONS, FACULTY OF COMPUTER APPLICATION,SAHARANPUR [AK586]",67,247001,"7 Km. Milestone Dabki Road  Village Beri Jamapur  Ahtemal Via Civil Hospital  Xing Saharanpur U.P. 247001"
10742,"AK502","DEV BHOOMI GROUP OF INSTITUTIONS,SAHARANPUR [AK502]",67,247001,"7 Km. Milestone Dabki Road  Village Beri Jamapur  Ahtemal Via Civil Hospital  Xing Saharanpur U.P. 247001"
10721,"AK1105","DEV INDRAWATI COLLEGE OF PHARMACY,AMBEDKAR NAGAR [AK1105]",4,224190,"ARKHAPUR, TEHSIL- TANDA, DISTRICT- AMBEDKAR NAGAR"
11138,"AK1070","DEV KUMAR RAJARAM PHARMACY SHIKSHAN SANSTHAN , SITAPUR [AK1070]",71,261303,"VILLAGE JAJAUR GARHI, POST AMBERPUR, PARGANA MANWA, TEHSIL SIDHAULI, DISTRICT SITAPUR, 261303"
10589,"AK688","DEV PRAYAG INSTITUTE OF MANAGEMENT,ALLAHABAD [AK688]",3,211013,"Devprayag Knowledge Campus, Phaphamau, Allahabad"
10771,"AK470","DEV PRAYAG INSTITUTE OF TECHNICAL STUDIES,ALLAHABAD [AK470]",3,211013,"Allahabad"
10916,"AK331","DEVENDER SINGH INSTITUTE OF TECHNOLOGY & MANAGEMENT,GHAZIABAD [AK331]",31,201017,"At 5 km stone, NH 58, Opp. ITC, Delhi-Meerut road, Ghaziabad-201017"
10917,"AK842","DEVRISHI INSTITUTE OF MANAGEMENT & TECHNOLOGY, SAHARANPUR [AK842]",67,247342,"v.p.o-salhapur , Teh. - nakur distt. saharanpur, uttar pradesh , pin 247342"
11139,"AK74","DEWAN INSTITUTE OF MANAGEMENT STUDIES,MEERUT [AK74]",56,250103,"Meerut"
10625,"AK548","DEWAN V.S. INSTITUTE OF HOTEL MANAGEMENT & TECHNOLOGY,MEERUT [AK548]",56,250103,"Meerut"
10947,"AK1125","DHARAM SAMAJ COLLEGE OF PHARMACY,ALIGARH [AK1125]",2,202001,"NEAR ACHAL TAAL, G.T. ROAD, ALIGARH , U.P. INDIA"
12478,"AK1184","DILIP KISHORE MEHROTRA INSTITUTE OF PHARMACY [AK1184]",71,261001,"Sitapur"
10890,"AK791","DISHA BHARTI COLLEGE OF MANAGEMENT & EDUCATION,SAHARANPUR [AK791]",67,247001,"OPP. D.P.S., Delhi road saharanpur"
10722,"AK1073","DISHA INSTITUTE OF PHARMACY , BIJNOR [AK1073]",17,,"VILL-MOJAMPUR JAITRA,NEHTAUR ROAD ,DHAMPUR,DISTT.-BIJNOR (U.P.)"
10723,"AK306","DISHA INSTITUTE OF SCIENCE AND TECHNOLOGY,,BIJNAUR [AK306]",17,246761,"Dhampur, Bijnor"
10948,"AK901","DIVYA COLLEGE OF PHARMACY,MATHURA [AK901]",54,281122,"VILLAGE SHAHZADPUR , PAURI FARAH MATHURA"
11251,"AK1158","DIXIT COLLEGE OF PHARMACY AND RESEARCH,RAMPUR [AK1158]",66,,"7 KM, RAMPUR - SHAHBAD ROAD , VILLAGE - NASRAT NAGAR, PO-BAKENIYA"
10854,"AK754","DNM INSTITUTE OF ENGINEERING & TECHNOLOGY,LUCKNOW [AK754]",49,227101,"NH-25 A, Kati Bagiyan, Kanpur Road, Lucknow - 227101"
10918,"AK256","DNS COLLEGE OF ENGINEERING & TECHNOLOGY,J.P.NAGAR [AK256]",40,244222,"N.H-24,DIDAULI,AMROHA,UTTAR PRADESH-244222"
10590,"AK1149","DOODHNATH COLLEGE OF PHARMACY SAKRAR JHANSI,JHANSI [AK1149]",39,,"VILL AND POST SAKRAR MAURANIPUR JHANSI"
10743,"AK299","DOON COLLEGE OF EDUCATION,,SAHARANPUR [AK299]",67,247662,"NH-72A, Delhi-Dehradun Road, Sunderpur, Thana - Biharigarh, Distt - Saharanpur (UP) - 247662"
11177,"AK1066","DR H R BACHHAN COLLEGE OF PHARMACY , UNNAO [AK1066]",74,226002,"LALAU KHERA POST-DEEH UNNAO"
11252,"AK1124","DR MAHENDRA KUMAR CHHOTELAL BIND COLLEGE OF PHARMACY,PRAYAGRAJ [AK1124]",3,,"VILLAGE UPARDAHA POST  HANDIA PRAYAGRAJ"
10591,"AK978","DR PUSHPENDRA SINGH  COLLEGE OF PHARMACY , FARRUKHABAD [AK978]",27,,"J S NAGAR, DAHELIYA, BEWAR ROAD, FATEHGARH, DISTT FARRUKHABAD"
10822,"AK1057","DR R M L INSTITUTE OF PHARMACY , SHAHJAHANPUR [AK1057]",68,,"KUNWARPUR BADAGAON"
11253,"AK1150","DR SARVESH SHUKLA INSTITUTE OF PHARMACY,BAHRAICH [AK1150]",8,,"VILLAGE: SABLAPUR, TEHSIL: MAHASI, DISTRICT: BAHRAICH"
10654,"AK607","DR VIRENDRA SWAROOP INSTITUTE OF PROFESSIONAL STUDIES,KANPUR [AK607]",44,208011,"Kanpur-208011"
11217,"AK571","DR. B.R.AMBEDKAR POOJA COLLEGE OF PHARMACY,GORAKHPUR [AK571]",34,273013,"Medical College Road, Post – Jhungiya Bazar, Vill – Karmaha, Distt- Gorakhpur, Pin -273013"
10592,"AK77","DR. K.N. MODI INSTITUTE OF ENGG. & TECHNOLOGY,GHAZIABAD [AK77]",31,201201,"DELHI-MEERUT ROAD, OPP. SBI MAIN BRANCH"
11043,"AK78","DR. K.N. MODI INSTITUTE OF PHARMACEUTICAL EDUCATION & RESEARCH, GHAZIABAD [AK78]",31,201201,"DELHI-MEERUT ROAD, OPPOSITE SBI MAIN BRANCH, MODINAGAR, GHAZIABAD"
10655,"AK303","DR. M.C.SAXENA COLLEGE OF PHARMACY,,LUCKNOW [AK303]",49,226101,"Lucknow"
11140,"AK1114","DR. MITHILESH MANI TRIPATHI COLLEGE OF PHARMACY,SIDDHARTHNAGAR [AK1114]",70,,"VILLAGE- GAURAGARH POSTKOTIYA GADORI TEHSIL- BANSI DISTT- SIDDHARTH NAGAR"
11024,"AK759","DR. OM PRAKASH INSTITUTE OF MANAGEMENT & TECHNOLOGY,FARRUKHABAD [AK759]",27,209625,"Farrukhabad"
11044,"AK872","DR. OM PRAKASH SCHOOL OF PHARMACY,FARRUKHABAD [AK872]",27,209625,"Gram; Nisai Bewar road near gas plant Farrukhabad"
10744,"AK947","DR. RAJENDRA PRASAD SIKSHAN SANSTHAN GANGCHAULI , BARABANKI [AK947]",12,,"GANGCHAULI, KURSI ROAD, BARABANKI"
10745,"AK879","DR. RAM MANOHAR LOHIA COLLEGE OF PHARMACY,GHAZIABAD [AK879]",31,201204,"MAIN G.T ROAD SIKRI KALAN MODINAGAR GHAZIABAD"
10593,"AK445","DR. RAM MANOHAR LOHIA INSTITUTE,GHAZIABAD [AK445]",31,201204,"Modinagar - 201204"
11254,"AK310","DR. RIZVI COLLEGE OF ENGINEERING,,KAUSHAMBI [AK310]",46,212206,"Karari, Kaushambi (U. P.) - 212 206"
22748,"204102","DR. V. P. MADNAWAT COLLEGE OF EDUCATIONAL AND PROFESSIONAL COURSES,HATHRAS [204102]",50,204102,"HATHRAS"
11178,"AK47","DR. VIRENDRA SWAROOP INSTITUTE OF COMPUTER STUDIES,KANPUR [AK47]",44,208014,"Kanpur-208014"
10994,"AK990","DR. VIRENDRA SWARUP MEMORIAL TRUST GROUP OF INSTITUIONS , KANPUR NAGAR [AK990]",74,208014,"RAGENDRA SWARUP KNOWLEDGE CITY, KANPUR- LUCKNOW HIGHWAY- 27, (NEAR SHUKLAGANJ-BADARKA BYPASS) KADER PATARI, HADAHA, UNNAO"
11025,"AK640","DR. VIRENDRA SWARUP MEMORIAL TRUST GROUP OF INSTITUTIONS,UNNAO [AK640]",74,209861,"Ragendra Swarup Knowledge City, Kanpur - Lucknow National Highway-25, Shuklaganj- Badarka bypass, Kader Patari, Hadaha, Unnao-209861"
10724,"AK166","DR.AMBEDKAR INSTITUTE OF TECHNOLOGY FOR HANDICAPPEDS,KANPUR [AK166]",44,208024,"Dr.Ambedkar Institute of Technology for Divyangjan, Awadhpuri, Kanpur Nagar"
10746,"AK163","DR.M.C.SAXENA COLLEGE OF ENGG. & TECHNOLOGY,LUCKNOW [AK163]",49,226101,"Mall Road Dubbaga, IIM By Pass, Lucknow"
10656,"AK1040","DRON COLLEGE OF EDUCATION , MEERUT [AK1040]",56,,"BARNAVA-SARDHANA ROAD, MEERUT"
11074,"AK230","DRONACHARYA GROUP OF INSTITUTIONS,GAUTAM BUDDH NAGAR [AK230]",30,201308,"Greater Noida"
11179,"AK1075","DSSOP PHARMACY COLLEGE  , SIDDHARTHNAGAR [AK1075]",70,,"GATA NO 247, KARAUNDA MASINA , POST DEWRA BAZZAR  SIDDHARTHNAGAR"
11045,"AK698","DWARIKADHEESH RESEARCH EDUCATION & MANAGEMENT SCHOOL,SAHARANPUR [AK698]",67,247001,"5TH KM MILE STONE JANTA ROAD SAHARANPUR"
11026,"AK471","ESHAN COLLEGE OF ENGINEERING,MATHURA [AK471]",54,281122,"28 Km. Mile stone, Delhi- Agra highway, NH-2, Farah, Mathura"
11046,"AK822","ESHAN COLLEGE OF MANAGEMENT,MATHURA [AK822]",54,281122,"28 Km. Mile stone, Delhi-Agra highway, NH-2, Farah, Mathura"
11107,"AK892","F I PHARMACY COLLEGE,LUCKNOW [AK892]",49,226401,"1223, KHAND DEV, BANTHRA, KANPUR ROAD, LUCKNOW 226401, UP"
12487,"AK51","FACULTY OF ARCHITECTURE, AKTU,LUCKNOW [AK51]",49,226007,""
11108,"AK2","FACULTY OF ENGG, AGRA COLLEGE,AGRA [AK2]",1,282002,"Agra College,Agra - 282002"
10772,"AK514","FACULTY OF ENGINEERING SHANTI NIKETAN TRUST'S GROUP OF INSTITUTIONS,MEERUT [AK514]",56,250205,"Meerut"
24221,"1209","Faculty of Management  [1209]",49,226031,"Aktu,Lucknow"
10657,"AK154","FACULTY OF MANAGEMENT AND TECHNOLOGY,VARANASI [AK154]",75,221002,"Harish Chandra P G College, Bawan-Beegha Campus, Azamgarh Road, Varanasi-221002"
24062,"1201","Faculty of Pharmacy [1201]",49,226031,"Jankipuram Vistar Sector-11, Lucknow"
11218,"AK973","FACULTY OF PHARMACY FUTURE INSTITUTE OF MEDICAL SCIENCES , BAREILLY [AK973]",13,,"19 MIG AVAS VIKAS COLONY CIVIL LINES BAREILLY"
10594,"AK187","FEROZ GANDHI INSTITUTE OF ENGINEERING &TECHNOLOGY,RAIBAREILLY [AK187]",65,229316,"NH 24B, Lucknow-Allahabad Highway, Ratapur Chauraha, Raebareli"
11219,"AK496","FIT ENGINEERING COLLEGE,MEERUT [AK496]",56,250001,"Meerut"
11141,"AK129","FORT INSTITUTE OF TECHNOLOGY,MEERUT [AK129]",56,250001,"KASERU BUXER, MAWANA ROAD, MEERUT UP - 250001"
10995,"AK811","FORTH DIMENTION COLLEGE OF ARCHITECTURE,SAHARANPUR [AK811]",67,247662,"VILL KAMALPUR POST CHHUTMALPUR TEHSIL BEHAT"
11027,"AK476","FUTURE INSTITUTE OF ENGINEERING & TECHNOLOGY,BAREILLY [AK476]",13,243503,"Bareilly-Lucknow Highway, Bareilly"
10690,"AK566","FUTURE INSTITUTE OF MANAGEMENT & TECHNOLOGY,BAREILLY [AK566]",13,243503,"NH-24, BAREILLY-LUCKNOW ROAD GAUS GANJ SARAI, Bareilly"
11028,"AK850","FUTURE INSTITUTE OF PHARMACY,BAREILLY [AK850]",13,243503,"FUTURE INSTITUTE OF PHARMACY, BAREILLY LUCKNOW ROAD, NEAR FARIDPUR BAREILLY"
10949,"AK785","G & R INSTITUTE OF MANAGEMENT & TECHNOLOGY,BULANDSHAHAR [AK785]",19,203001,"KHAT NO 180 VILLAGE ALLIPUR GIJHORI"
10725,"AK473","G.C.R.G. MEMORIAL TRUST'S GROUP OF INSTITUTIONS, FACULTY OF ENGINEERING,LUCKNOW [AK473]",49,227202,"Lucknow"
27898,"1200","G.L. Bajaj College of Technology & Management [1200]",30,201306,"Greater Noida,"
11109,"AK192","G.L. BAJAJ INSTITUTE OF  TECHNOLOGY & MANAGEMENT,GAUTAM BUDDH NAGAR [AK192]",30,201308,"PLOT NO.-2, KNOWLEDGE PARK-III, GREATER NOIDA"
11142,"AK511","G.L.BAJAJ GROUP OF INSTITUTIONS,MATHURA [AK511]",54,281406,"NH#2, Mathura-Delhi Highway, PO - Akbarpur, Mathura (UP) - 281406"
11110,"AK801","G.L.BAJAJ INSTITUTE OF MANAGEMENT & RESEARCH,GAUTAM BUDDH NAGAR [AK801]",30,201306,"Plot No 2 knowledge park-III, Greater Noida"
11180,"AK1097","GAJRAJ SINGH YADAV KARANPAL SINGH YADAV COLLEGE OF PHARMACY,KHERI [AK1097]",47,262701,"VILL-PASGAWA POST- MOHAMMADI , DISTT- LAKHIMPUR KHERI"
10726,"AK97","GALGOTIA'S COLLEGE OF ENGG. & TECHNOLOGY,GAUTAM BUDDH NAGAR [AK97]",30,201306,"Greater Noida - 201306 (U.P.)"
11280,"AK1092","GALGOTIAS COLLEGE OF PHARMACY,GAUTAM BUDDHA NAGAR [AK1092]",30,201310,"Plot No-1, Knowledge Park-II, Greater Noida"
10950,"AK94","GALGOTIAS INSTITUTE OF MANAGEMENT & TECHNOLOGY,GAUTAM BUDDH NAGAR [AK94]",30,201306,"Greater Noida - 201310"
10951,"AK1107","GAUTAM BUDDHA COLLEGE OF PHARMACY,LUCKNOW [AK1107]",49,226002,"GAURI ROAD, NEAR CRPF CAMP, BIJNAUR, LUCKNOW"
10658,"AK893","GCRG COLLEGE OF PHARMACY,LUCKNOW [AK893]",49,227202,"VILL-PARVATPUR, CHANDRIKA DEVI ROAD, BAKSHI KA TALAB, LUCKNOW"
10891,"AK620","GCRG MEMORIAL TRUST'S GROUP OF INSTITUTIONS, FACULTY OF MANAGEMENT,LUCKNOW [AK620]",49,227202,"Lucknow"
10773,"AK1024","GEETA PHARMACY COLLEGE , LUCKNOW [AK1024]",49,,"VILLAGE LONAPUR POST LONAPUR BLOCK CHINHAT DIST LUCKNOW"
10659,"AK76","GHANSHYAM BINANI ACADEMY OF MANAGEMENT SCIENCE,MIRZAPUR [AK76]",57,231001,"Mirzapur-231001"
37073,"AK1254","GHANSHYAM COLLEGE OF PHARMACY, JAUNPUR [AK1254]",38,222202,"JAUNPUR"
11111,"AK1010","GHAUSIA COLLEGE OF PHARMACY , FATEHPUR [AK1010]",28,208010,"1132, VILL- KASHMIRIPUR, TEHSIL - BINDKI, DIST- FATEHPUR"
11112,"AK151","GLOBAL INSTITUTE OF INFORMATION TECHNOLOGY,GAUTAM BUDDH NAGAR [AK151]",30,201310,"32A Knowledge Park Greator Noida - 201308"
10727,"AK1121","GMS COLLEGE OF PHARMCY,JYOTIBA PHULE NAGAR [AK1121]",40,244221,"NH-24, SHAKARPUR,RAJABPUR,AMROHA"
10919,"AK1134","GNIT COLLEGE OF MANAGEMENT,GAUTAM BUDDHA NAGAR [AK1134]",30,201310,"PLOT NO 6 C , KNOWLEDGE PARK II GREATER NOIDA"
10774,"AK985","GNIT COLLEGE OF PHARMACY , GAUTAM BUDDHA NAGAR [AK985]",30,,"PLOT NO. 6-C, KNOWLEDGE PARK - II, GREATER NOIDA"
10626,"AK660","GOEL INSTITUTE OF HIGHER STUDIES,LUCKNOW [AK660]",49,226028,"Lucknow"
10920,"AK960","GOEL INSTITUTE OF PHARMACEUTICAL SCIENCES , LUCKNOW [AK960]",49,,"Village Anora, Faizabad Road, Near Indira Canal, Lucknow"
11220,"AK392","GOEL INSTITUTE OF PHARMACY & SCIENCES,LUCKNOW [AK392]",49,226028,"Lucknow"
10627,"AK360","GOEL INSTITUTE OF TECHNOLOGY & MANAGEMENT,LUCKNOW [AK360]",49,226028,"Lucknow"
10996,"AK447","GOKARAN NARVADESHWAR INSTITUTE OF TECHNOLOGY & MANAGEMENT,BARABANKI [AK447]",12,225001,"Lucknow   Dewa Road"
11255,"AK937","GOVERNMENT PHARMACY COLLEGE, BRD MEDICAL COLLEGE CAMPUS, GORAKHPUR , GORAKHPUR  [AK937]",34,273013,"GOVERNMENT PHARMACY COLLEGE, BRD MEDICAL COLLEGE CAMPUS, GORAKHPUR"
10892,"AK810","GREATER NOIDA COLLEGE [AK810]",30,201306,"PLOT NO. 6-B, KNOWLEDGE PARK - II, GREATER NOIDA (U.P) 201 306"
11256,"AK803","GREATER NOIDA INSTITUTE OF BUSINESS MAAGEMENT,GAUTAM BUDDH NAGAR [AK803]",30,201306,"plot 11/1 knowledge park 3 greater noida"
10823,"AK132","GREATER NOIDA INSTITUTE OF TECHNOLOGY,GAUTAM BUDDH NAGAR [AK132]",30,201306,"PLOT NO. 7, KNOWLEDGE PARK - II, GREATER NOIDA, (U.P) 201 306"
10660,"AK272","GREATER NOIDA INSTITUTE OF TECHNOLOGY(MBA INSTITUTE),GAUTAM BUDDH NAGAR [AK272]",30,201306,"PLOT NO. 7, KNOWLEDGE PARK - II, GREATER NOIDA (U.P) 201 306"
11308,"AK894","GSRM MEMORIAL COLLEGE OF PHARMACY,LUCKNOW [AK894]",49,226008,"720 MOHAN ROAD, BHADOI, LUCKNOW"
11181,"AK1068","GURU TEG BAHADUR PARA MEDICAL INSTITUTE  , SHAHJAHANPUR [AK1068]",68,,"POWAYAN  ROAD BANDA, SHAHJAHANPUR"
36976,"AK1225","GURUDEV INNOVATIVE COLLEGE OF PHARMACY, AURAIYA  [AK1225]",5,206244,"AURAIYA"
11221,"AK377","GYAN BHARTI INSTITUTE OF TECHNOLOGY,MEERUT [AK377]",56,250002,"NH-58 Partapur Bypass Road Meerut"
10952,"AK237","H.R.INSTITUTE OF HOTEL MANAGEMENT,GHAZIABAD [AK237]",31,201003,"Ghaziabad - 201003"
11113,"AK194","H.R.INSTITUTE OF TECHNOLOGY,GHAZIABAD [AK194]",31,201003,"Ghaziabad"
11257,"AK997","HAKIKULLAH CHAUDARY COLLEGE OF PHARMACY , GONDA [AK997]",33,271312,"GHARIGHAT GONDA UTTAR PRADESH"
11281,"AK781","HARDAYAL TECHNICAL CAMPUS,MATHURA [AK781]",54,281122,"24 KM Stone, Agra-Delhi Road (NH-2), Farah, Mathura (UP)"
10921,"AK561","HARI COLLEGE OF MANAGEMENT,SAHARANPUR [AK561]",67,247769,"Saharanpur"
10797,"AK1055","HARI COLLEGE OF PHARMACY , SAHARANPUR [AK1055]",67,247001,"VILLAGE JANDHEDI MALHIPUR ROAD SAHARANPUR PIN 247001"
11075,"AK1141","HARISH CHAND PHARMACY COLLEGE,JAUNPUR [AK1141]",38,222133,"SAKHAILA,GAURABADSHAPUR"
10728,"AK99","HARLAL INSTITUTE OF MANAGEMENT & TECHNOLOGY,GAUTAM BUDDH NAGAR [AK99]",30,210310,"Greater Noida 201310"
10997,"AK1027","HARSHA INSTITUTE OF PHARMACY , LUCKNOW [AK1027]",49,,"349, KHANIPUR, BANGAWN, ITAUNJA, LUCKNOW"
11076,"AK659","HERITAGE INSTIUTE OF HOTEL & TOURISM,AGRA [AK659]",1,282006,"Agra"
10893,"AK220","HI-TECH. INSTITUTE OF ENGINEERING &TECHNOLOGY,GHAZIABAD [AK220]",31,201015,"Address: 766,26th Km.Stone, Delhi-Hapur Bypass (NH-24), Ghaziabad."
10729,"AK733","HIERANK BUSINESS SCHOOL,GAUTAM BUDDH NAGAR [AK733]",30,201307,"A-42, INSTITUTIONAL AREA, SECTOR-62, NOIDA"
11222,"AK871","HILLWOOD MEDICAL SCHOOL,BULANDSHAHR [AK871]",19,203131,"VILL. ROOPWAAS PACHGAYI BULANDSHAHR"
11114,"AK1089","HIMALAYAN INSTITUTE OF PHARMACY AND RESEARCH ,LUCKNOW [AK1089]",49,,"LEKHRAJ MARKET"
10775,"AK465","HIMALAYAN INSTITUTE OF TECHNOLOGY & MANAGEMENT,LUCKNOW [AK465]",49,227005,"Lucknow - 227005"
10824,"AK214","HIMT COLLEGE OF PHARMACY,GAUTAM BUDDH NAGAR [AK214]",30,201310,"G.B. Nagar U.P. - 201310"
10798,"AK64","HINDUSTAN COLLEGE OF SCIENCE & TECHNOLOGY,MATHURA [AK64]",54,281122,"AGRA-DELHI HIGHWAY, NH#2, FARAH, MATHURA (UP) - 281122"
10855,"AK67","HINDUSTAN INSTITUTE OF MANAGEMENT & COMPUTER STUDIES,MATHURA [AK67]",54,281122,"Agra-Delhi Highway (NH-2) Farah, Mathura - 281122"
10825,"AK579","HLM COLLEGE,GHAZIABAD [AK579]",31,201009,"11th Km. Milestone, Delhi-Meerut Road, Ghaziabad (U.P.) - 201001"
10730,"AK411","HMFA MEMORIAL INSTITUTE OF ENGINEERING & TECHNOLOGY,ALLAHABAD [AK411]",3,221503,"Allahabad"
10998,"AK245","HR INSTITUTE OF PHARMACY,GHAZIABAD [AK245]",31,201003,"7th KM Stone Delhi Meerut Road Morta Ghaziabad UP ,201003"
10856,"AK1000","HYGIA COLLEGE OF PHARMACY,LUCKNOW [AK1000]",49,226013,"GHAZIPUR  BALRAM FAIZULLAHGANJ OPPOSITE SITAPUR HARDOI BY PASS ROAD LUCKNOW"
10894,"AK202","HYGIA INSTITUTE OF PHARMACEUTICAL EDUCATION AND RESEARCH, LUCKNOW,LUCKNOW [AK202]",49,226013,"Lucknow"
10747,"AK895","HYGIA INSTITUTE OF PHARMACY,LUCKNOW [AK895]",49,226013,"GAZIPUR BALRAM ,FAZULLAGANJ ,OPPOSITE SITAPUR HARDOI BY PASS ROAD,PRABANDH NAGAR,LUCKNOW"
11115,"AK995","I. D. MEMORIAL COLLEGE OF PHARMACY , GHAZIPUR [AK995]",32,,"VILLAGE- ANAND VIHAR MUDWAL"
11309,"AK1148","I. E. T. COLLEGE OF PHARMACY,JAUNPUR [AK1148]",38,,"VILLAGE- LAKHAUA POSTFATEHGANJ TEHSIL- SADAR"
11143,"AK90","I.E.C. COLLEGE OF ENGINEERING & TECHNOLOGY,GAUTAM BUDDH NAGAR [AK90]",30,201310,"Plot No. 4 Knowledge Park-I, Institutional Area, Surajpur Kasna Road,  Greater Noida, Gautam Budh Nagar (UP) - 201310"
10661,"AK127","I.I.M.T. ENGG. COLLEGE,MEERUT [AK127]",56,250001,"Meerut - 250001"
10857,"AK143","I.M.S. ENGINEERING COLLEGE,GHAZIABAD [AK143]",31,201009,"NH-24, Delhi-Hapur By Pass Road, Adhyatmik Nagar, Ghaziabad,Ghaziabad - 201018"
10662,"AK170","I.T.S.  COLLEGE OF PHARMACY,GHAZIABAD [AK170]",31,201206,"NH-58, DELHI MEERUT ROAD, MURADNAGAR GHAZIABAD-201206"
10999,"AK222","I.T.S. ENGG.COLLEGE,GAUTAM BUDDH NAGAR [AK222]",30,201308,"Plot No.46, Knowledge Park-III, Greater Noida, Uttar Pradesh, PIN-201308"
11029,"AK260","IBNE SEENA PHARMACY COLLEGE,HARDOI [AK260]",36,241124,"Shahabad-241124"
22753,"028","Ideal Institute of Technology, Ghaziabad [028]",31,201003,"Ghaziabad"
10922,"AK28","IDEAL INSTT. OF TECHNOLOGY,GHAZIABAD [AK28]",31,201001,"Ideal Knowledge Park, Govindpuram, Ghaziabad(UP)201003"
11144,"AK270","IEC INSTITUTE OF HOTEL MANAGEMENT,,GAUTAM BUDDH NAGAR [AK270]",30,201310,"Plot No. 4 Knowledge Park-I, Institutional Area, Surajpur Kasna Road, Greater Noida,  Gautam Budh Nagar (UP) - 201310"
28538,"aktu1177","IED HOTEL MANAGEMENT [aktu1177]",49,226008,"Kanpur Road Lucknow"
11030,"AK150","IILM ACADEMY OF HIGHER LEARNING ,COLLEGE OF ENGG. & TECHNOLOGY,GAUTAM BUDDH NAGAR [AK150]",30,201306,"Plot No. 17-18, Knowledge Park- II, Greater Noida, U.P. -201306"
11310,"AK216","IIMT COLLEGE OF ENGINEERING,GAUTAM BUDDH NAGAR [AK216]",30,201306,"Greater Noida"
10858,"AK198","IIMT COLLEGE OF MEDICAL SCIENCES,MEERUT [AK198]",56,-1,"Meerut - 250001 UP"
10628,"AK247","IIMT COLLEGE OF PHARMACY,GAUTAM BUDDH NAGAR [AK247]",30,201308,"Greater Noida"
10895,"AK825","IMS,J.P.NAGAR [AK825]",40,244235,"95 Mile Stone, Bhagwanpur, Near Brajghat, Tehsil - Hasanpur, Gajraula"
10663,"AK30","INDERPRASTHA ENGG. COLLEGE,GHAZIABAD [AK30]",31,201010,"63,Site IV Sahibabad Industrial Area,Surya Nagar Flyover Road,Sahibabad ,Ghaziabad-201010"
10629,"AK112","INDIAN INSTITUTE OF CARPET TECHNOLOGY,BHADOHI [AK112]",15,221401,"Chauri Road Bhadohi- 221401"
19404,"1155","INDIAN INSTITUTE OF HANDLOOM TECHNOLOGY,VARANASI [1155]",75,221002,"Chowkaghat, Varanasi"
11182,"AK177","INDIRA GANDHI SAHKARI PRABANDH SANSTHAN,LUCKNOW [AK177]",49,226017,"Lucknow"
11183,"AK647","INDRAPRASRH INSTITUTE OF TECHNOLOGY,J.P.NAGAR [AK647]",40,244236,"NH # 24, 11th Kms. From Gajraula, Delhi - Moradabad Road"
11282,"AK520","INDRAPRASTHA INSTITUTE OF MANAGEMENT & TECHNOLOGY,SAHARANPUR [AK520]",67,247551,"Umahi Kota,Muzaffarnagar-Dehradun Highway,Saharanpur"
10953,"AK951","INDU PRAKASH PHARMACY COLLEGE , MAU [AK951]",55,221705,"Mau Ballia road"
11116,"AK350","INDUS INSTITUTE OF TECHNOLOGY & MANAGEMENT,KANPUR [AK350]",44,209202,"BILHAUR, KANPUR-209202"
11000,"AK227","INNOVATIVE COLLEGE OF PHARMACY,GAUTAM BUDDH NAGAR [AK227]",30,201308,"Plot No. 6 Knowledge Park-2 Greater Noida- 201308 U.P."
11001,"AK792","INSTITUTE OF ADVANCED MANAGEMENT & RESEARCH,GHAZIABAD [AK792]",31,201206,"9th Km. Stone, Delhi-Meerut Road, Duhai"
10748,"AK124","INSTITUTE OF CO-OPERATIVE & CORPORATE MANAGEMENT, RESEARCH & TRAINING,LUCKNOW [AK124]",49,226016,"Lucknow"
11311,"AK107","INSTITUTE OF COMPUTER SCIENCE & TECHNOLOGY,VARANASI [AK107]",75,221011,"SHEPA Campus (Near DPS Varanasi) Nibia Bachchaon Varanasi 221011"
11258,"AK110","INSTITUTE OF ENGG. & RURAL TECHNOLOGY,ALLAHABAD [AK110]",3,211002,"26, Chatham Lines, Prayagraj – 211002 (U.P.)"
12488,"AK52","INSTITUTE OF ENGINEERING & TECHNOLOGY,LUCKNOW [AK52]",49,226021,"Sitapur Road, Lucknow-226021"
10896,"AK221","INSTITUTE OF ENGINEERING & TECHNOLOGY,SITAPUR [AK221]",71,261001,"Resora, Sitapur"
10749,"AK58","INSTITUTE OF ENVIRONMENT & MANAGEMENT,LUCKNOW [AK58]",49,226022,"ENVIRONMENT HOUSE ALKAPURI COLONY, KURSI ROAD, LUCKNOW"
11223,"AK157","INSTITUTE OF HOTEL MANAGEMENT CATERING TECHNOLOGY & APPLIED NUTRITION,MEERUT [AK157]",56,250021,"77th MILE STONE, DELHI-DEHRADUN ROAD, NH-58, DAURALA, MEERUT 250221"
11145,"AK689","INSTITUTE OF INFORMATION MANAGEMENT & TECHNOLOGY,ALIGARH [AK689]",2,202001,"Panchsheel Colony Near PAC Ramghat Road Aligarh U.P 202001"
10799,"AK39","INSTITUTE OF MANAGEMENT  RESEARCH,GHAZIABAD [AK39]",31,201206,"Ghaziabad - 201206"
11047,"AK726","INSTITUTE OF MANAGEMENT & SCIENCE,J.P.NAGAR [AK726]",40,244235,"97- MILE STONE, NH- 24,NEAR KAKATHAR, CROSING, GAJROLA"
11146,"AK37","INSTITUTE OF MANAGEMENT EDUCATION,GHAZIABAD [AK37]",31,201005,"178, Main G.T. Road, Sahibabad,Ghaziabad - 201005."
11117,"AK756","INSTITUTE OF MANAGEMENT RESEARCH & TECHNOLOGY,LUCKNOW [AK756]",49,226010,"IMRT CAMPUS, MANAGEMENT PARK, VIPUL KHAND-6, GOMTI NAGAR LUCKNOW"
10595,"AK98","INSTITUTE OF MANAGEMENT STUDIES,GAUTAM BUDDH NAGAR [AK98]",30,201303,"Noida-201303"
11077,"AK36","INSTITUTE OF MANAGEMENT STUDIES,GHAZIABAD [AK36]",31,201009,"G.T. Road, Lal Quan, Ghaziabad-201 009, National Capital Region, INDIA"
10750,"AK262","INSTITUTE OF PHARMACEUTICAL SCIENCE & RESEARCH,UNNAO [AK262]",74,209859,"Sohramau,Kanpur Road Lucknow"
10826,"AK258","INSTITUTE OF PHARMACY,SITAPUR [AK258]",71,261001,"Resora , Sitapur"
10731,"AK114","INSTITUTE OF PROFESSIONAL EXCELLENCE & MANAGEMENT,GHAZIABAD [AK114]",31,201010,"A-13/1, S.S. G.T. Road Industrial Area, NH-24 By Pass, Ghaziabad, 201010"
10800,"AK341","INSTITUTE OF TECHNOLOGY & MANAGEMENT,ALIGARH [AK341]",2,202001,"Aligarh-Palwal-Delhi Road, Karsua, Aligarh"
10630,"AK120","INSTITUTE OF TECHNOLOGY & MANAGEMENT,GORAKHPUR [AK120]",34,273209,"AL-1, Sector 7, GIDA, Gorakhpur,  Uttar Pradesh - 273209"
10897,"AK483","INSTITUTE OF TECHNOLOGY & MANAGEMENT,LUCKNOW [AK483]",49,226201,"NH-24, Mampur Bana, Sitapur Road, Bakshi Ka Talab, Lucknow - 226202"
10898,"AK472","INSTITUTE OF TECHNOLOGY & MANAGEMENT,MAHARAJGANJ [AK472]",51,273303,"Chehari, Pharenda Road,Maharajganj"
11224,"AK285","INSTITUTE OF TECHNOLOGY & MANAGEMENT,MEERUT [AK285]",56,250002,"Meerut"
10664,"AK38","INSTITUTE OF TECHNOLOGY & SCIENCE,GHAZIABAD [AK38]",31,201007,"Mohan Nagar, G. T. Road, Ghaziabad - 201007"
10691,"AK113","INTEGRATED ACADEMY OF MANAGEMENT & TECHNOLOGY,GHAZIABAD [AK113]",31,201009,"Adhytamik Nagar, NH-24, Near Dasna Flyover, Ghaziabad- 201009 UP"
11048,"AK834","INTEGRATED ACADEMY OF MANAGEMENT & TECHNOLOGY(INMANTEC),GHAZIABAD [AK834]",31,201009,"Adhyatmik Nagar, Delhi-Hapur Bypass (NH24)  Udyog Kunj, Ghaziabad, UP -201 009"
12482,"AK1192","INTERNATIONAL INSTITUTE FOR SPECIAL EDUCATION (IISE) [AK1192]",49,226022,""
10954,"AK57","INTERNATIONAL INSTITUTE FOR SPECIAL EDUCATION,LUCKNOW [AK57]",49,226022,"Kanchana Bihari Marg, Via Kalyanpur, Off-ring Road, Lucknow - 226022"
11031,"AK849","ISABELLA THOBURN COLLEGE (PROFESSIONAL STUDIES),LUCKNOW [AK849]",49,226007,"ISABELLA THOBURN COLLEGE (PROFESSIONAL STUDIES) 7, FAIZABAD RAOD"
10955,"AK239","ISHWARCHAND VIDYASAGAR INSTITUTE OF TECHNOLOGY,MATHURA [AK239]",54,281406,"Mathura"
11225,"AK679","ITERC COLLEGE OF MANAGEMENT,GHAZIABAD [AK679]",31,201206,"Ghaziabad"
11049,"AK900","ITM COLLEGE OF PHARMACY,MAHARAJGANJ [AK900]",51,273303,"VILL - MAHUAWA, TAPPA KATHRA, PARGANA - HAVELI,"
10596,"AK672","ITM SCHOOL OF ARCHITECTURE & TOWN PLANNING,LUCKNOW [AK672]",49,226201,"NH-24, Mampur Bana, Sitapur Road, BKT, Lucknow - 226202"
11312,"AK673","ITM SCHOOL OF MANAGEMENT,LUCKNOW [AK673]",49,226201,"NH-24, Mampur Bana, Sitapur Road, Bakshi Ka Talab, Lucknow - 226202"
12470,"AK1162","J B S INSTITUTE OF PHARMACY MALINPUR [AK1162]",12,225409,"Barabanki"
10899,"AK1058","J D S R INSTITUTE OF PHARMACY , SHAHJAHANPUR [AK1058]",68,242001,"VILLAGE HARPARA, NAGOI SHAHJAHANPUR"
12471,"AK1166","J P PHARMACY COLLEGE [AK1166]",12,NULL,""
11118,"AK609","J P SCHOOL OF BUSINESS,MEERUT [AK609]",56,250001,"P.O. RAJPURA, MAWANA ROAD, MEERUT CANTT 250001"
11119,"AK896","J. P. COLLEGE OF PHARMACY,LUCKNOW [AK896]",49,226301,"4.0 K.M. STONE MOHANLALGANJ KANPUR BYPASS ROAD, VILLAGE- BHASANDA PARGANANIGOHA TEHSIL - MOHANLALGANJ, LUCKNOW"
11226,"AK928","J.D. COLLEGE OF PHARMACY , AZAMGARH [AK928]",6,,"VILLAGE-ABADI, HARAIA NEAR SATHIAON, MAU ROAD, AZAMGARH (UP)"
11050,"AK741","J.K.INSTITUTE OF PHARMACY & MANAGEMENT,BULANDSHAHAR [AK741]",19,203131,"Village Agwal , Near Agwal Railway Crossing, NH-91 G T Road, Khurja Distt. Bulandshahar U.P"
11227,"AK282","J.P..INSTITUTE OF ENGINEERING & TECHNOLOGY,MEERUT [AK282]",56,250001,"MAWANA ROAD , PO RAJPURA, Cantt Meerut"
10776,"AK159","J.P.INSTITUTE OF HOTEL MANAGEMENT & CATERING TECHNOLOGY,MEERUT [AK159]",56,250001,"POST - RAJPURA, MAWANA ROAD, MEERUT"
11078,"AK91","J.S.S. ACADEMY OF TECHNICAL EDUCATION,GAUTAM BUDDH NAGAR [AK91]",30,201301,"Noida - 201301, U.P."
10631,"AK1063","J.S.SINGH INSTITUTE OF PHARMACY  , SITAPUR [AK1063]",71,,"VILL-PARA SARAI,POST-DHODHI LAHARPUR ROAD, TEHSIL-LAHARPUR , DIST-SITAPUR"
28234,"AK1183","Jagannath College of Pharmacy [AK1183]",31,201204,"Modinagar, Ghaziabad"
10692,"AK434","JAGARAN INSTITUTE OF MANAGEMENT,KANPUR [AK434]",44,208014,"620 W Block , Saket Nagar, Juhi, Kanpur, U.P."
10597,"AK946","JAGMEET MEMORIAL COLLEGE OF PHARMACY , BIJNOR [AK946]",17,24725,"VILLAGE BAVANPUR POST BAKENA DIST BIJNOR"
36700,"AK599","JAHANGIRABAD EDUCATIONAL TRUST GROUP OF INSTITUTIONS FACULTY OF MANAGEMENT, BARABANKI [AK599]",12,225203,"BARABANKI"
11147,"AK545","JAHANGIRABAD EDUCATIONAL TRUST'S GROUP OF INSTITUTIONS, FACULTY OF ENGINEERING,BARABANKI [AK545]",12,225203,"Jahangirabad Raj Barabanki"
11259,"AK1064","JAHANGIRABAD INSTITUTE OF TECHNOLOGY FACULTY OF PHARMACY  , BARABANKI [AK1064]",12,225203,"VILLAGE & POST JAHANGIRABAD"
11260,"AK1099","JAI MAA VAISHNO PHARMACY COLLEGE,PRATAPGARH [AK1099]",64,230131,"VILL-BHUWALPUR KILA, KATRA MEDANIGANJ, PRATPGARH"
10956,"AK930","JAINATH MEMORIAL PHARMACY COLLEGE , AZAMGARH [AK930]",6,276220,"VILLAGE- HARAIRAMPUR, POST- CHIRKIHIT"
10632,"AK116","JAIPURIA INSTITUTE OF MANAGEMENT,GHAZIABAD [AK116]",31,201014,"Ghaziabad - 201012"
10827,"AK897","JAN KALYAN INSTITUTE OF TECHNICAL EXCELLENCE,LUCKNOW [AK897]",49,226022,"Kursi Road Near Umra UPSIDC Industrial Area, Lucknow"
11283,"AK844","JANTA COLLEGE OF PHARMACY, BIJNOR [AK844]",17,246734,"BIJNOR ROAD, NOORPUR DISTRICT: BIJNOR U.P."
11228,"AK179","JEEVAN DEEP INSTITUTE OF MANAGEMENT & TECHNOLOGY,VARANASI [AK179]",75,221007,"BARALAL PUR CHANDMARI POST LAMAHI VARANASI 221007"
10801,"AK1004","JIVIKA COLLEGE OF PHARMACY , HARDOI [AK1004]",36,241202,"Vill- Madarpur, Post- Bharawan, Tahsil- Sandila, Dist- Hardoi"
11148,"AK705","JMS GROUP OF INSTITUTIONS,GHAZIABAD [AK705]",61,245101,"Hapur Bypass, Ghaziabad"
10828,"AK1053","JYOTIRADITYA INSTITUTE OF PHARMACY , PRATAPGARH [AK1053]",64,230401,"JD SHIKSHA GRAM, KOHANDAUR, PRATAPGHARH"
10923,"AK1029","K D C COLLEGE OF PHARMACY , MATHURA [AK1029]",54,28112,"BARARI ROAD OL MATHURA"
11284,"AK1020","K. J. COLLEGE OF PHARMACY , VARANASI [AK1020]",75,,"VILLAGE & POST- BABATPUR, TAHSIL-PINDRA  DIST-VARANASI, UTTAR PRADESH,  PIN- 221006"
11229,"AK1062","K. P. SINGH MEMORIAL INSTITUTE OF PHARMACY , SITAPUR [AK1062]",71,261207,"VILLAGE PARASARAI, DHONDHI"
11184,"AK1120","K.P.SINGH COLLEGE OF PHARMACY,PRATAPGARH [AK1120]",64,230124,"VILL RAMGARHA, POST-  PUREDHANI, TEH- PATTI"
11285,"AK390","K.R.S. COLLEGE OF PHARMACY,GONDA [AK390]",33,271303,"Gonda"
10900,"AK516","KAILASH INSTITUTE OF PHARMACY & MANAGEMENT,GORAKHPUR [AK516]",34,273209,"PLOT NO- BL-1&2 SECTOR-9 GIDA GORAKHPUR,273209"
37079,"AK1248","KAILASH INSTITUTE OF PHARMACY & MEDICAL SCIENCES [AK1248]",34,273209,"GORAKHPUR"
11185,"AK139","KALICHARAN NIGAM INSTITUTE OF TECHNOLOGY,BANDA [AK139]",11,210001,"Banda UP - 210001"
11149,"AK182","KALKA INSTITUTE FOR RESEARCH & ADVANCED STUDIES,MEERUT [AK182]",56,250103,"Meerut -250103"
12463,"AK104","KAMLA NEHRU INSTITUTE OF  TECHNOLOGY,SULTANPUR [AK104]",73,228118,""
11186,"AK186","KAMLA NEHRU INSTITUTE OF MANAGEMENT & TECHNOLOGY,SULTANPUR [AK186]",73,228119,"Faridipur, Post-Gosainganj, NH-96 Faizabad-Allahabad Bypass, Sultanpur (UP) - 228119"
11079,"AK135","KAMLA NEHRU INSTITUTE OF PHYSICAL & SOCIAL SCIENCES,MANAGEMENT INSTITUTE,SULTANPUR [AK135]",73,228119,"Faridipur, Post-Gosainganj, NH-96 Faizabad-Allahabad Bypass, Sultanpur (UP) - 228119"
10924,"AK382","KAMLA NEHRU INSTITUTE OF PHYSICAL & SOCIAL SCIENCES,SULTANPUR [AK382]",73,228119,"Faridipur, Post-Gosainganj, NH-96 Faizabad-Allahabad Bypass, Sultanpur (UP) - 228119"
11286,"AK714","KANPUR INSTITUTE OF MANAGEMENT STUDIES,UNNAO [AK714]",74,209801,"Kanpur Institute of Management Studies 10 Km. Milestone, Kanpur-Lucknow Highway P.O.-Singrausi, Distt.- Kanpur / Unnao, Pin-209801"
11080,"AK550","KANPUR INSTITUTE OF TECHNOLOGY & PHARMACY,KANPUR [AK550]",44,208001,"A-1, UPSIDC Industrial Area, Rooma, Kanpur-208001 (UP) - India"
10925,"AK165","KANPUR INSTITUTE OF TECHNOLOGY,KANPUR [AK165]",44,208001,"A-1, UPSIDC Industrial Area, Rooma, Kanpur-208001 (UP) - India"
10926,"AK551","KASHI INSTITUTE OF PHARMACY,VARANASI [AK551]",75,221307,"Varanasi"
10927,"AK428","KASHI INSTITUTE OF TECHNOLOGY,VARANASI [AK428]",75,221307,"Varanasi"
10957,"AK1043","KATYAYANI COLLEGE OF EDUCATION , MEERUT [AK1043]",56,,"Pohalli, Sardhana Road"
10802,"AK492","KCC Institute of Technology & Management,Gautam Buddh Nagar [AK492]",30,201308,"Greator Noida"
10901,"AK653","KCMT CAMPUS 2 PREM PRAKASH GUPTA INSTITUTE OF ENGINEERING,BAREILLY [AK653]",13,243122,"16th Km, Lucknow road, Bareilly"
10732,"AK604","KCMT CAMPUS 2 PREM PRAKASH GUPTA INSTITUTE OF MANAGEMENT,BAREILLY [AK604]",13,243122,"16th Km, Lucknow road, Bareilly"
11002,"AK597","KHANDELWAL COLLEGE OF ARCHITECTURE & DESIGN,BAREILLY [AK597]",13,243122,"12th K.M. Pilibhit Road,Bareilly"
11261,"AK142","KHANDELWAL COLLEGE OF MANAGEMENT SCIENCE AND TECHNOLOGY,BAREILLY [AK142]",13,243122,"14th K.M. Pilibhit Road,Bareilly-243122"
11003,"AK199","KIET GROUP OF INSTITUTIONS(KIET SCHOOL OF PHARMACY),GHAZIABAD [AK199]",31,201206,"Ghaziabad - 201206"
11230,"AK29","KIET GROUP OF INSTITUTIONS(KRISHNA INSTT. OF ENGG. & TECHNOLOGY),GHAZIABAD [AK29]",31,201206,"Ghaziabad - 201206"
10693,"AK1056","KINETIC INSTITUTE, DEPARTMENT OF PHARMACY , SHAHJAHANPUR [AK1056]",68,242401,"260/1, VILLEGE-PERU, LAND MARK- MAHUAPATHAK CHAURAHA, SAQUILIA ROAD"
11150,"AK751","KIPM COLLEGE OF ENGG. & TECHNOLOGY,GORAKHPUR [AK751]",34,273209,"BL-1 & 2, Sector - 9, GIDA, Gorakhpur ( U.P.)"
10598,"AK517","KIPM COLLEGE OF MANAGEMENT,GORAKHPUR [AK517]",34,273209,"Plot Number BL 1 and 2 sector 09 GIDA, Gorakhpur, Uttar Pradesh 273209"
11120,"AK174","KISHAN INSTITUTE OF INFORMATION TECHNOLOGY,MEERUT [AK174]",56,250002,"Meerut UP - 250002"
11313,"AK195","KNGD MODI ENGINEERING COLLEGE,GHAZIABAD [AK195]",31,201204,"Modinagar - 201204"
11121,"AK521","KOTHIWAL INSTITUTE OF TECHNOLOGY & PROFESSIONAL STUDIES,MORADABAD [AK521]",58,244501,"Pachokara, Haridwar Road, Moradabad"
10733,"AK338","KP ENGINEERING COLLEGE,AGRA [AK338]",1,283202,"NH-2,AGRA-FIROZABAD ROAD,ETMADPUR"
10599,"AK1045","KRISHAK COLLEGE OF PHARMACY , MIRZAPUR [AK1045]",57,231001,"RAJGARH MIRZAPUR"
11051,"AK161","KRISHNA  ENGG. COLLEGE,GHAZIABAD [AK161]",31,201007,"95, LONI ROAD, BETWEEN MOHAN NAGAR & AIR FORCE STATION-HINDON, GHAZIABAD"
10600,"AK540","KRISHNA INSTITUTE OF MANAGEMENT,MEERUT [AK540]",56,250001,"Meerut"
10928,"AK1012","KRISHNA INSTITUTE OF PHARMACY AND SCIENCES , KANPUR NAGAR [AK1012]",44,,"Vill- Amiliha , Post - Tatiyaganj, Kanpur -209217"
10859,"AK351","KRISHNA INSTITUTE OF TECHNOLOGY,KANPUR [AK351]",44,209217,"GRAM AMILIHA, POST TATIYAGANJ, KANPUR NAGAR -209217"
11314,"AK869","KRISHNA INSTITUTE,BIJNOR [AK869]",17,246728,"Hasampur, Noorpur Road, Bijnor"
11315,"AK935","KRISHNA PHARMACY COLLEGE , AGRA [AK935]",1,,"VILL - LARAMDA, POST - BICHPURI, DISTT - AGRA"
11316,"AK845","KRISHNA PHARMACY COLLEGE, BIJNOR [AK845]",17,246701,"Noorpur-Moradabad Road, Bijnor"
10829,"AK657","KRISHNAPIT INSTITUTE OF PHARMACY,ALLAHABAD [AK657]",3,211004,"behind triveni glass factory iradatganj ghoorpur naini"
11187,"AK661","KRISHNARPIT INSTITUTE OF MANAGEMENT & TECHNOLOGY,ALLAHABAD [AK661]",3,211004,"behind triveni glass factory iradatganj ghoorpur naini"
11262,"AK955","KRITIKA PHARMACY COLLEGE , BAREILLY [AK955]",13,243122,"VILLAGE KHAI KHERA, PILIBHIT ROAD BAREILLY"
10665,"AK1144","KUNWAR AJEET COLLEGE OF PHARMACY,JAUNPUR [AK1144]",38,,"VILL- RAJEPUR, POST-KAJGAON, JAUNPUR, PIN-  222136, (U.P.)."
10601,"AK453","KUNWAR HARIBANSH SINGH COLLEGE OF PHARMACY,JAUNPUR [AK453]",38,222180,"Jaunpur"
10860,"AK17","KUNWAR SATYA VEERA COLLEGE OF ENGG. & MANAGEMENT,BIJNAUR [AK17]",17,246701,"Distt. - Bijnor UP- 246701"
11263,"AK970","L.N.PHARMACY COLLEGE , DEORIA [AK970]",23,,"VILLAGE- GOVINDPUR DHATURA (SILHAT), BAITALPUR, TEH- SADAR, DIST- DEORIA, U.P."
10602,"AK1077","LAKHMI CHAND PATWARI COLLEGE OF PHARMACY , BAGHPAT [AK1077]",7,,"MAIN ROAD NEAR GAS GODOWN , KHEKRA"
10777,"AK961","LAKSHYA COLLEGE OF MANAGEMENT AND TECHNOLOGY , BIJNOR [AK961]",17,,"VILLAGE BAGWARA, SEOHARA, TEHSIL-DHAMPUR, DISTT-BIJNOR, U.P"
11188,"AK753","LAKSHYA TECHNICAL CAMPUS,SHAHJAHANPUR [AK753]",68,242001,"Shahjahanpur"
11231,"AK59","LAL BAHADUR SHASTRI INSTITUTE OF MANAGEMENT & DEVELOPMENT STUDIES,LUCKNOW [AK59]",49,226026,"Gaurabagh , Kursi Road , Near Gudamba Police Station Lucknow - 226026"
10734,"AK780","LANDMARK TECHNICAL CAMPUS,J.P.NAGAR [AK780]",40,244222,"DIDAULI, NH-24, AMROHA, U.P."
10902,"AK890","LATE RAVINDRANAND BARONIA COLLEGE OF PHARMACY MAHRONI,LALITPUR [AK890]",48,284405,"1057 VILLAGE KISHRDA MAHRONI DIST. LALITPUR"
10666,"AK965","LBSS DEGREE COLLEGE  , BIJNOR [AK965]",17,,"GOHAWAR (BIJNOR)"
10929,"AK283","LDC INSTITUTE OF TECHNICAL STUDIES,ALLAHABAD [AK283]",3,211001,"Allahabad"
11287,"AK153","LLOYD INSTITUTE OF ENGINEERING AND TECHNOLOGY [AK153]",30,201308,"Plot No - 3, Knowledge Park-II, Greater Noida, U.P. 201308"
10861,"AK172","LLOYD INSTITUTE OF MANAGEMENT & TECHNOLOGY,GAUTAM BUDDH NAGAR [AK172]",30,201306,"PLOT NO. 11, KNOWLEDGE PARK - II, GREATER NOIDA, GAUTAM BUDDHA NAGAR, PIN CODE – 201306, UTTAR PRADESH"
10830,"AK692","LLOYD SCHOOL OF MANAGEMENT STUDIES [AK692]",30,201308,"Plot No 3, Knowledge Park-II, Greater Noida, U.P. 201308"
10735,"AK875","LLOYD SCHOOL OF PHARMACY [AK875]",30,201308,"PLOT NO 3, KNOWLEDGE PARK-II, GREATER NOIDA, U.P. 201308"
10751,"AK760","LOTUS INSTITUTE OF MANAGEMENT,BAREILLY [AK760]",13,243123,"16 KM, BAREILLY-LUCKNOW ROAD, BAREILLY"
11122,"AK957","LOTUS INSTITUTE OF PHARMACY , BAREILLY [AK957]",13,,"16 KM BAREILLY-LUCKNOW ROAD, BAREILLY - 243123 (UP)"
11123,"AK971","LPM COLLEGE OF PHARMACY , DEORIA [AK971]",23,274701,"VILLAGE- PURNACHHAPAR, POST-BHATNI, DISTRICT-DEORIA (UP)"
11081,"AK835","LTR INSTITUTE OF MANAGEMENT,MEERUT [AK835]",56,250501,"L.T.R. Institute of Management"
11052,"AK266","LTR INSTITUTE OF TECHNOLOGY , MEERUT [AK266]",56,250501,"Baghpat Road,  Meerut -250001"
11151,"AK572","LUCKNOW INSTITUTE OF PHARMACY,LUCKNOW [AK572]",49,226022,"Lucknow"
11152,"AK362","LUCKNOW INSTITUTE OF TECHNOLOGY,LUCKNOW [AK362]",49,226002,"NEAR C.R.P.F. GROUP CENTRE, BIJNAUR-BANTHARA ROAD, LUCKNOW-226002, U.P."
11053,"AK1023","LUCKNOW MODEL COLLEGE OF PHARMACY , LUCKNOW [AK1023]",49,226008,"AJEETAN KHERA ROAD, SADRAUNA, LUCKNOW"
12490,"AK670","LUCKNOW MODEL INSTITUTE OF MANAGEMENT,LUCKNOW [AK670]",49,227305,""
10862,"AK484","LUCKNOW MODEL INSTITUTE OF TECHNOLOGY & MANAGEMENT,LUCKNOW [AK484]",49,226301,"Lucknow - 227305"
11153,"AK880","LUTAWAN INSTITUTE OF PHARMACY,GHAZIPUR [AK880]",32,233001,"VIL- SAKARA,  JAITPURA, POST- HUSSAINPUR, DIST.- GHAZIPUR"
11082,"AK918","M.G.B. RAJAT COLLEGE OF PHARMACY AND MANAGEMENT , AMBEDKAR NAGAR [AK918]",4,,"Singhpur Gohila Baskhari"
10903,"AK763","MAA BHAGWATA KUNWAR INSTITUTE OF MANAGEMENT,MAU [AK763]",55,275101,"Basti-Khiriyan, Distt Mau"
10603,"AK909","MAA BHAGWATI COLLEGE OF PHARMACY , LUCKNOW [AK909]",49,226028,"SATRIKH RAOD, NEAR INDIRA CANAL, JUGGAUR, CHINHAT LUCKNOW-226028"
11317,"AK915","MAA GAYATRI COLLEGE OF PHARMACY , ALLAHABAD [AK915]",3,,"MAWAIYA ROAD, POST- NAINI,DISTRICT -ALLAHABAD,PIN-211010 (U.P)"
10831,"AK1032","MAA LILAWATI SUDESHWARI INSTITUTE OF PHARMACY , MAU [AK1032]",55,,"VILLAGE- BASTI, POST- KHIRIYA"
11318,"AK938","MAA MATURNI DEVI MAHAVIDYALAY , BALLIA [AK938]",9,221715,"VILL- CHANDADIH, POST CHANDADIH"
10694,"AK991","MAA SARASWATI PARAMEDICAL INSTITUTE , GHAZIPUR [AK991]",32,233226,"N H 24, VILL: MAGENGAVA, PO: MARDAH(PIPNAR), GHAZIPUR"
11232,"AK976","MAA SHARDA PHARMACY COLLEGE , FAIZABAD [AK976]",26,,"VILLAGE-CHIKHADI, POST-HARINGTONGANJ, TEHSIL-MILKIPUR, DISTRICT-FAIZABAD"
11189,"AK761","MAA VAISHNO DEVI EDUCATIONAL & LAW COLLEGE,LUCKNOW [AK761]",49,226028,"faizabad road lucknow"
10778,"AK467","MADHU VACHASPATI INSTITUTE OF ENGINEERING & TECHNOLOGY,KAUSHAMBI [AK467]",46,212213,"Rasulabad urf Koilaha, Puramufti, G.T.Road, Kaushambi-212213"
38378,"AK1262","MADHU VACHASPATI INSTITUTE OF PHARMACY, KAUSHAMBI [AK1262]",46,212213,"G.T. Road, Kaushambi"
11154,"AK749","MADHU VACHASPATI SCHOOL OF MANAGEMENT,KAUSHAMBI [AK749]",46,212213,"Rasoolabad urf Koilaha, Puramufti, G.T.Road, Kaushambi-212213."
27754,"AK982","MAHALAXMI INSTITUTE OF MANAGEMENT & TECHNOLOGY, MEERUT [AK982]",56,250401,"Mawana Road, Meerut"
10904,"AK493","MAHARAJA AGRASEN COLLEGE OF ENGINEERING & TECHNOLOGY,J.P.NAGAR [AK493]",40,244236,"NH # 24, 10th Kms. From Gajraula, Delhi - Moradabad Highway ,Bagarpur Mafi ,Post-Rajabpur Dist -Amroha(J.P.Nagar)"
11155,"AK349","MAHARANA INSTITUTE OF PROFESSIONAL STUDIES,KANPUR [AK349]",44,209217,"BAIKUNTHPUR KALYANPUR SINGHPUR ROAD KANPUR NAGAR PINCODE 209217 UTTAR PRADES"
10695,"AK430","MAHARANA INSTITUTE OF TECH. & SCIENCES,LUCKNOW [AK430]",49,227305,"Raebareli  Road ,Gram -Gaura,Mohanlalganj,Lucknow"
10696,"AK522","MAHARANA PRATAAP COLLEGE OF ENGINEERING,KANPUR [AK522]",44,209217,"Kanpur"
10905,"AK889","MAHARANA PRATAP COLLEGE OF PHARMACEUTICAL SCIENCES,KANPUR NAGAR [AK889]",44,209217,"Kothi,Mandhana,Kanpur"
11190,"AK200","MAHARANA PRATAP COLLEGE OF PHARMACY,KANPUR [AK200]",44,209217,"Kothi Mandhana Kanpur"
11288,"AK46","MAHARANA PRATAP ENGINEERING COLLEGE,KANPUR [AK46]",44,209217,"Kanpur -209217"
35633,"ak1217","MAHARANA PRATAP INSTITUTE OF TECHNOLOGY, GORAKHPUR [ak1217]",34,273015,"GORAKHPUR"
10752,"AK1112","MAHARANA PRATAP SCHOOL OF PHARMACY,LUCKNOW [AK1112]",49,226301,"GAURA,MOHANLALGANJ,LUCKNOW"
11083,"AK95","MAHATAMA GANDHI MISSION COLLEGE OF ENGG. & TECHNOLOGY,GAUTAM BUDDH NAGAR [AK95]",30,201303,"A-09, Sector-62, Noida-201302"
10803,"AK391","MAHATMA GANDHI INSTITUTE OF PHARMACY,LUCKNOW [AK391]",49,227101,"Junabganj, Kanpur Road, Lucknow, U.P.-227101"
11233,"AK427","MAHATMA GANDHI UNIVERSE INSTITUTE(MGUI),UNNAO [AK427]",74,209831,"MILESTONE-46, NH 25, LUCKNOW - KANPUR EXPRESSWAY, JAGDISHPUR, AJGAIN"
11191,"AK821","MAHAVEER COLLEGE OF PHARMACY,MEERUT [AK821]",56,250341,"Village Pohali, Post Davathwa, Tashil Sardhana,  Sardhana Road, Meerut (250341)"
38421,"AK1263","MAHRISHI COLLEGE OF PHARMACY [AK1263]",46,211011,"KAUSHAMBI"
11319,"AK575","MALTI MEMORIAL TRUSTS CSM ""GROUP OF INSTITUTIONS"" FACULTY OF B.PHARMACY,ALLAHABAD [AK575]",3,212110,"8TH MLE STONE REWA ROAD IRADATGANJ, Allahabad"
11124,"AK152","MANGALMAY INSTITUTE OF MANAGEMENT AND TECHNOLOGY,GAUTAM BUDDH NAGAR [AK152]",30,201310,"Plot No. 8 & 9, Knowledge Park-II, Greater Noida, U.P"
11054,"AK786","MANGALMAY INSTITUTE OF TECHNOLOGY,GAUTAM BUDDH NAGAR [AK786]",30,201310,"PLOT NO. - 8, KNOWLEDGE PARK-2 GREATER NOIDA"
10958,"AK19","MARATHWADA INSTT. OF TECHNOLOGY,BULANDSHAHAR [AK19]",19,203001,"Dhamara chola Bulandshahr"
10697,"AK1072","MASCOT COLLEGE OF PHARMACY , BAREILLY [AK1072]",13,243001,"167/4, JANAKPURI BAREILLY"
10906,"AK827","MASCOT INSTITUTE OF MANAGEMENT,BAREILLY [AK827]",13,243122,"16th Km Milestone NH74 Pilibhit Road, Rithora Bareilly"
28466,"AK1188","MASTER SCHOOL OF MANAGEMENT STUDIES [AK1188]",56,250005,"Lohia Nagar, Meerut"
10863,"AK926","MATA DULARI DEVI PHARMACY COLLEGE , AZAMGARH [AK926]",6,276304,"VILL – PHOOLPUR, POST - PHOOLPUR, DISTT - AZAMGARH (U.P.)"
10667,"AK916","MAYA INSTITUTE OF PHARMACY , HATHRAS [AK916]",50,204101,"MAYA INSTITUTE MANDU ROAD SHOKNA HATHRAS"
12479,"AK1186","MAYA INSTITUTE OF PHARMACY [AK1186]",50,204101,""
11084,"AK1106","MDALSHA COLLEGE OF PHARMACY,PRATAPGARH [AK1106]",64,,"NH-31 BANVEER KACHH PRATAPGARH CITY PRATAPGARH U.P. 230002"
11085,"AK68","MEERUT INSTITUTE OF ENGINEERING & TECHNOLOGY,MEERUT [AK68]",56,250005,"NH-58, Baghpat Road Crossing, Bypass Road, Meerut  - 250005 (U.P.)"
11086,"AK292","MEERUT INSTITUTE OF TECHNOLOGY,MEERUT [AK292]",56,250103,"NH-58, Baral Partapur, Bypass Road, Meerut - 250103"
11289,"AK425","MEERUT INTERNATIONAL INSTITUTE OF TECHNOLOGY,MEERUT [AK425]",56,250002,"Meerut"
10753,"AK859","MESCO INSTITUTE OF PHARMACY,MORADABAD [AK859]",40,244221,"DHANAURA ROAD, AMROHA"
10804,"AK852","METRO COLLEGE OF HEALTH SCIENCES & RESEARCH,GAUTAM BUDDH NAGAR [AK852]",30,201308,"PLOT NO 41, KNOWLEDGE PARK III"
11320,"AK649","MG INSTITUTE OF MANAGEMENT & TECHNOLOGY,LUCKNOW [AK649]",49,226401,"Lucknow"
12481,"AK1190","MICROTEK COLLEGE OF MANAGEMENT & TECHNOLOGY [AK1190]",75,221207,"village Barai Post Nayepur, Varanasi"
10736,"AK1067","MISSION COLLEGE OF PHARMACY , VARANASI [AK1067]",75,,"Sirishti Bhagatua Varanasi"
10698,"AK702","MIT COLLEGE OF MANAGEMENT,MORADABAD [AK702]",58,244001,"MIT COLLEGE OF MANAGEMENT"
11234,"AK1046","MIT COLLEGE OF PHARMACY , MORADABAD [AK1046]",58,244001,"MIT Campus, Ram Ganga Vihar Phase-2, Moradabad"
27009,"1156","MODERN COLLEGE JHANSI [1156]",39,284128,"544, Kochabhawar, Kanpur Road, Jhansi "
11156,"AK1156","MODERN COLLEGE JHANSI,JHANSI [AK1156]",39,284128,"544, KOCHHABHAWAR, KANPUR ROAD"
11157,"AK1152","MODERN COLLEGE OF PHARMACY,JHANSI [AK1152]",39,284128,"KONCHABHAWAR, KANPUR ROAD, JHANSI"
11264,"AK622","MODERN INSTITUTE OF TECHNOLOGY & MANAGEMENT,GHAZIABAD [AK622]",31,201206,"Ghaziabad"
10633,"AK380","MODINAGAR INSTITUTE OF TECHNOLOGY,GHAZIABAD [AK380]",31,201204,"Modinagar (Ghaziabad)"
10604,"AK631","MORADABAD EDUCATIONAL TRUST(MET) ""GROUP OF INSTITUTIONS"" FACULTY OF B.ARCHITECTURE,MORADABAD [AK631]",58,244001,"MIT campus, Ramganga vihar, phase-II, Moradabad"
11321,"AK82","MORADABAD INSTITUTE OF TECHNOLOGY,MORADABAD [AK82]",58,244001,"Moradabad - 244001 UP"
11322,"AK598","MORADABD EDUCATIONAL TRUST(MET) ""GROUP OF INSTITUTIONS"" FACULTY OF PHARMACY,MORADABAD [AK598]",58,244001,"Moradabad"
10699,"AK1127","NAND KISHORE COLLEGE OF PHARMACY,PRAYAGRAJ [AK1127]",3,,"DHANUHA, CHAKA, NAINI, PRAYAGRAJ PIN-211008"
10605,"AK118","NANDINI NAGAR MAHAVIDAYALA,GONDA [AK118]",33,271303,"Nawabganj - 271303"
10959,"AK944","NANDLAL PRABHU DEVI PROFESSIONAL INSTITUTE  , BARABANKI [AK944]",12,225001,"VILL ALAPUR POST HEADPOST OFFICE NAWABGANJ BARABANKI"
11192,"AK287","NARAINA COLLEGE OF ENGINEERING & TECHNOLOGY,KANPUR [AK287]",44,208020,"Ratanpur, Panki, Kanpur"
11235,"AK853","NARAINA SCHOOL OF PLANNING & ARCHITECTURE,KANPUR [AK853]",44,208020,"1184, GANGAGANJ, PANKI, KANPUR NAGAR"
11290,"AK554","NARAINA VIDYA PEETH "" GROUP OF INSTITUTIONS"" FACULTY OF PHARMACY,KANPUR [AK554]",44,208020,"Gangaganj, Panki, Kanpur"
10907,"AK429","NARAINA VIDYA PEETH ENGINEERING & MANAGEMENT INSTITUTE,KANPUR [AK429]",44,208020,"Gangaganj, Panki, Kanpur"
11265,"AK440","NARAYAN VIDYA PEETH MANAGEMENT INSTITUTE,KANPUR [AK440]",44,208020,"Gangaganj, Panki, Kanpur"
11266,"AK274","NARMADESHWAR MANAGEMENT COLLEGE ,LUCKNOW,LUCKNOW [AK274]",49,226028,"Narendra Nagar , Opp. Vikalp Khand , Gomtinagar, Lucknow"
12484,"AK190","NATIONAL INSTITUTE OF ELECTRONICS & INFORMATION TECHNOLOGY,GORAKHPUR [AK190]",34,273010,""
10832,"AK448","NEELAM COLLEGE OF ENGINEERING & TECHNOLOGY,AGRA [AK448]",1,283110,"27 Km. Stone Vill. Korai, Tehsil- Kirawali, Agra – Jaipur NH-11, Agra"
10864,"AK373","NEELKANTH INSTITUTE OF TECHNOLOGY,MEERUT [AK373]",56,250110,"Meerut"
11291,"AK1042","NGI COLLEGE OF PHARMACY , MEERUT [AK1042]",56,250110,"NH-58, Near SVBP Agriculture University, Modipuram, Meerut- UP 250110"
11125,"AK1146","NIRMALA DEVI PHARMACY COLLEGE,JAUNPUR [AK1146]",38,,"NAYANSAND, GAURABADSHAHPUR"
10634,"AK802","NITRA TECHNICAL CAMPUS,GHAZIABAD [AK802]",31,201001,"NITRA , Sector-23 Raj Nagar, Ghaziabad"
28242,"AK1175","NK College, Mainpuri [AK1175]",53,205001,"Nagla Balu, Maninpuri"
10668,"AK201","NKBR COLLEGE OF PHARMACY & RESEARCH CENTER,MEERUT [AK201]",56,245206,"Meerut - 245206"
10779,"AK273","NOIDA INSTITUTE OF ENGG. & TECHNOLOGY,(MCA INSTITUTE),GAUTAM BUDDH NAGAR [AK273]",30,201306,"19, Knowledge Park-II, Institutional Area, Greater Noida 201306"
11087,"AK133","NOIDA INSTITUTE OF ENGG. & TECHNOLOGY,GAUTAM BUDDH NAGAR [AK133]",30,201306,"19, Knowledge Park-II, Institutional Area, Greater Noida - 201306"
10669,"AK908","NOIDA INSTITUTE OF ENGG. & TECHNOLOGY(PHARMACY INSTITUTE),GAUTAM BUDDH NAGAR [AK908]",30,201306,"19, Knowledge Park-II, Institutional Area, Greater Noida - 201306"
10908,"AK480","NORTH INDIA INSTITUTE OF TECHNOLOGY,BIJNAUR [AK480]",17,246763,"7th KM BUNDKI ROAD,NAJIBABAD"
11088,"AK1151","NOVA COLLEGE OF PHARMACY,LUCKNOW [AK1151]",49,,"KHASARA NO.-74,VILLAGE BHAISAURA,GOMTI NAGAR EXTENSION"
10960,"AK1044","OM SAI VINDHYA COLLEGE OF PHARMACY , MIRZAPUR [AK1044]",57,,"VILL- TISUHI, POST- MARIHAN, TAHSIL- MARIHAN, DIST- MIRZAPUR, PIN CODE- 231310"
28371,"AK1173","ONE BEAT COLLEGE OF MEDICAL SCIENCES [AK1173]",47,262901,"BHIRA, LAKHIMPUR KHERI"
11193,"AK984","ORLEAN COLLEGE OF PHARMACY , GAUTAM BUDDHA NAGAR [AK984]",30,,"PLOT NO 42 KNOWLEDGE PARK III NEAR SHARDA UNIVERSITY GREATER NOIDA"
10606,"AK389","OXFORD COLLEGE OF PHARMACY,GHAZIABAD [AK389]",31,201001,"3-KM STONE, MASOORIE - GULAWATHI ROAD, UPSIDC, INDUSTRIAL AREA, DISTRICT : HAPUR ( FORMERLY DISTRICT : GHAZIABAD ) U.P - 201015, INDIA"
10670,"AK1157","PAHALWAN GURUDEEN COLLEGE OF SCIENCE AND TECHNOLOGY,LALITPUR [AK1157]",48,,"PANARI LALITPUR"
10930,"AK487","PANCHWATI INSTITUTE OF ENGINEERING & TECHNOLOGY,MEERUT [AK487]",56,250103,"Meerut-250103"
11236,"AK980","PARMARTH COLLEGE OF PHARMACY , GHAZIABAD [AK980]",31,,"ACHHEJA, NH - 24 HAPUR BYEPASS HAPUR, 49TH MILESTONE, DISTT- HAPUR, PIN-245101"
35618,"AK1221","PATHFINDER RESEARCH AND TRAINING FOUNDATION (PRTF) [AK1221]",30,201308,"GAUTAM BUDDHA NAGAR"
10865,"AK277","PETRONAGE INSTITUTE OF MANAGEMENT STUDIES,GREATER NOIDA,GAUTAM BUDDH NAGAR [AK277]",30,201308,"Plot no 38, knowledge park 3 ,Greater Noida - 201306"
10754,"AK1065","PHARMA DEPT SR FOUNDATION JEE COLLEGE OF EDUCATION AND TRAINING , UNNAO [AK1065]",74,,"CHAKJAMALPUR PURWA UNNAO"
11292,"AK12","PHARMCY COLLEGE,AZAMGARH [AK12]",6,276128,"Azamgarh-276128 UP"
27963,"1178","PMT COLLEGE OF PHARMCY [1178]",26,226031,"MAZRUDDINPUR, PARGANA[ FAIZABAD"
11158,"AK948","POINEER INSTITUTE OF PHARMACY , BAREILLY [AK948]",13,,"village padoli, bisalpur road, bhuta bareilly"
10866,"AK933","PRABHAKAR  COLLEGE OF PHARMACY  , AZAMGARH [AK933]",6,,"VILLAGE- MUYEEYA MAKDUMPUR"
11267,"AK419","PRABHAT ENGINEERING COLLEGE,KANPUR DEHAT [AK419]",43,209304,"N.H.-2, KALPI ROAD, RANIYA, BARA, KANPUR DEHAT-209304"
11004,"AK959","PRADUMAN SINGH SHIKSHAN PRASHIKSHAN SANSTHAN PHARMACY COLLEGE , BASTI [AK959]",14,,"VILLAGE-SANSARPUR, PARGANA-NAGAR PURAB, TEHSIL-BASTI SADAR, DISTRICT-BASTI"
27453,"1210","Pranveer Singh Institute of Technology (Pharmacy) [1210]",44,209305,"Bhauti, Kanpur Nagar"
10607,"AK164","PRANVEER SINGH INSTITUTE OF TECHNOLOGY,KANPUR [AK164]",44,209305,"Kanpur"
10755,"AK144","PRASAD INSTITUTE OF TECHNOLOGY,JAUNPUR [AK144]",38,222001,"Punch-Hatia, Sadar, Jaunpur - 222001"
10671,"AK456","PRATAP COLLEGE OF MANAGEMENT,FATEHPUR [AK456]",28,212663,"Sindhav Fatehpur"
11005,"AK964","PRATHVIRAJ CHAUHAN INSTITUTE OF MEDICAL SCIENCES , BIJNOR [AK964]",17,,"CHAKRAJMAL MORADABAD ROAD"
10833,"AK740","PRAYAG INSTITUTE OF TECHNOLOGY & MANAGEMENT,ALLAHABAD [AK740]",3,212301,"Bendau,Karchana,Allahabad"
10961,"AK588","PRINCE INSTITUTE OF INNOVATIVE TECHNOLOGY,GAUTAM BUDDH NAGAR [AK588]",30,201306,"Plot No-9, Knowledge Park-III, Greater Noida"
10867,"AK348","PSIT COLLEGE OF ENGINEERING,KANPUR [AK348]",44,209305,"Kanpur"
10780,"AK848","PSIT COLLEGE OF MANAGEMENT,KANPUR [AK848]",44,209305,"NH-2  KANPUR-AGRA-DELHI NATIONAL HIGHWAY, BHAUTI KANPUR -209305"
10962,"AK953","PT RAJENDRA PRASAD SMARAK COLLEGE OF PHARMACY , BAREILLY [AK953]",13,,"SANJAY NAGAR TIRAHA NEAR SBI MAHANAGAR BRANCH PILIBHIT BYPASS ROAD ASHOK VIHAR TULAPUR"
10672,"AK934","PT. NAGINA COLLEGE OF PHARMACY , AZAMGARH [AK934]",6,276136,"JOKHARA LATGHAT "
10635,"AK766","PURVANCHAL INSTITUTE OF ARCHITECTURE & DESIGN,GORAKHPUR [AK766]",34,273209,"Plot No.AL-3,Sector-9,Gida Gorakhpur (U.P.)"
10868,"AK1060","R A INSTITUTE OF PHARMACY , SIDDHARTHNAGAR [AK1060]",70,272153,"194 RAMVAPUR KURTHIYA"
10931,"AK1007","R B GAUTAM COLLEGE OF PHARMACY , HATHRAS [AK1007]",50,,"4th MILESTONE,SADABAD, NH-93,AGRA-ALIGARH HIGHWAY"
12473,"AK1169","R V INSTITUTE OF PHARMACY [AK1169]",17,246728,""
10636,"AK958","R. C. C. COLLEGE OF PHARMACY , BASTI [AK958]",14,272002,"Vill & Post- Ganeshpur"
10932,"AK1108","R. G. S. COLLEGE OF PHARMACY,LUCKNOW [AK1108]",49,226203,"VILLAGE-KARAUNDI POST- ITAUNJA, TEHSIL, BAKSHI KA TALAB."
11126,"AK906","R. K. COLLEGE OF PHARMACY,MORADABAD [AK906]",58,244502,"SHUKLA KI PULIYA, KANTH ROAD, MORADABADGF"
11237,"AK963","R. K. INSTITUTE OF PHARMACY , BAREILLY [AK963]",13,,"174-175 VILLAGE DEWRANIYA TEHSIL FARIDPUR BAREILLY"
11089,"AK1009","R. P. S. COLLEGE OF PHARMACY , BARABANKI [AK1009]",12,226010,"VILLAGE AND POST- BABURIGAON"
10805,"AK1033","R.A.S. INSTITUTE OF PHARMACY , MAU [AK1033]",55,,"PIPARIDEEH, MAU NATH BHANJAN"
10834,"AK783","R.D.ENGINEERING COLLEGE RESEARCH CENTRE,GHAZIABAD [AK783]",31,201206,"9th KM Mile Stone On NH-58 Delhi Meerut Road, Duhai, Ghaziabad"
11090,"AK231","R.D.ENGINEERING COLLEGE,GHAZIABAD [AK231]",31,201206,"9th KM Mile Stone On NH-58 Delhi Meerut Road, Duhai, Ghaziabad"
10963,"AK883","R.D.S COLLEGE OF PHARMACY,JAUNPUR [AK883]",38,0,"Kushnow, Bhaupur,Jaunpur"
11006,"AK1008","R.G. COLLEGE OF PHARMACY , HATHRAS [AK1008]",50,204216,"MAMOTA KHURD, POST SHAHPUR, SASNI DISTT - HATHRAS"
10964,"AK917","R.K. COLLEGE OF PHARMACY , ALLAHABAD [AK917]",3,211011,"Mavaiya,Near Saraswati High-Tech City,Naini,Allahabad-211010"
11194,"AK233","R.K.PHARMACY COLLEGE,AZAMGARH [AK233]",6,276001,"Azamgarh"
11159,"AK1047","R.N.COLLEGE OF PHARMACY , MORADABAD [AK1047]",58,244502,"BIJNOR ROAD, VILL SHUKLA MORADABAD"
42987,"AK1206","R.P Mishra College of Pharmacy, Fatehpur [AK1206]",28,212665,"Buxer Mod, Fatehpur"
10969,"AK361","R.R.INSTITUTE OF MODERN TECHNOLOGY,LUCKNOW [AK361]",49,226201,"NH-24, BAKSHI KA TALAB SITAPUR ROAD Lucknow - 226201"
38168,"AK1264","R.S. PHARMACY COLLEGE, VARANASI  [AK1264]",65,229307,"RAEBARELI"
38166,"AK1270","R.S. PHARMACY COLLEGE, VARANASI  [AK1270]",75,221307,"Khajuri, Varanasi"
10737,"AK1050","R.S.D. ACADEMY (COLLEGE OF PHARMACY) , MORADABAD [AK1050]",58,244001,"RAM GANGA VIHAR PHASE II"
10869,"AK108","R.S.M.T.  COLLEGE,VARANASI [AK108]",75,221002,"Rajarshi School of Management & Technology, Udai Pratap College Campus , Bhojubeer, Varanasi (U.P.) - 221002"
11195,"AK501","R.V.INSTITUTE OF TECHNOLOGY,BIJNAUR [AK501]",17,246728,"9th Km Milestone Bijnor-Moradabad Road Bijnor - 246728"
10970,"AK204","R.V.NORTHLAND INSTITUTE,GAUTAM BUDDH NAGAR [AK204]",30,203207,"18 Km. on Ghaziabad-Bulandshahr National Highway 91, Dadri, Near Shiv Nadar University, Gautam Budh Nagar- 203207 (UP)"
10806,"AK1049","RADHA GOVIND COLLEGE OF PHARMACY , MORADABAD [AK1049]",58,,"7TH K.M. KUNDERKI ROAD, NEAR RTO OFFICE, MORADABAD"
11293,"AK69","RADHA GOVIND GROUP OF INSTITUTIONS,MEERUT [AK69]",56,250004,"Anuyogipuram, Garh Road Meerut - 250004"
11268,"AK549","RADHA GOVIND INSTITUTE OF PHARMACY,MORADABAD [AK549]",58,244412,"Moradabad"
10807,"AK1014","RADHA KRISHNA COLLEGE OF PHARMACY , KANPUR NAGAR [AK1014]",44,,"MEHARBAN SINGH KA PURVA, KANPUR NAGAR, U.P. 208021"
11323,"AK860","RAHUL SANKRITYAYAN COLLEGE OF PHARMACY,AZAMGARH [AK860]",6,276121,"VILL-JAIGAHA, POST- SHEKHUPUR, BLOCK-BILARIYAGANJ, TEHSIL-SAGADI, DIST- AZAMGARH, U.P 276121"
38177,"1264 AKTU","RAJ KALI DEVI PHARMACY COLLEGE, RAEBARELI [1264 AKTU]",65,229307,"RAEBARELI"
10870,"AK309","RAJ KUMAR GOEL ENGINEERING COLLEGE,GHAZIABAD [AK309]",61,245304,"40 km stone, NH 24, Delhi-Hapur Road, Pilkhuwa,  245304"
10700,"AK333","RAJ KUMAR GOEL INSTITUTE OF TECHNOLOGY &  MANAGEMENT,GHAZIABAD [AK333]",31,201003,"5 km stone Delhi Meerut Road Ghaziabad - 201003"
10808,"AK33","RAJ KUMAR GOEL INSTT. OF TECHNOLOGY,GHAZIABAD [AK33]",31,201003,"5th KM Stone, Delhi Meerut Road, Ghaziabad - 201003 U.P."
11324,"AK747","RAJ SCHOOL OF MANAGEMENT & SCIENCES,VARANASI [AK747]",75,221006,"Sisva-Babatpur,Pindra,Varansi"
11160,"AK4","RAJA BALWANT SINGH ENGINEERING TECHNICAL CAMPUS,AGRA [AK4]",1,283105,"Raja Balwant Singh Engineering Technical Campus, Bichpuri, Agra -283105"
11055,"AK5","RAJA BALWANT SINGH MANAGEMENT TECHNICAL CAMPUS,AGRA [AK5]",1,282002,"Khandari Farm, Agra-282002"
10809,"AK167","RAJARSHI RANANJAY SINGH COLLEGE OF PHARMACY,SULTANPUR [AK167]",73,227404,"Amethi (U.P.) Pin-227405"
10608,"AK383","RAJARSHI RANANJAY SINGH INSTITUTE OF MANAGEMENT & TECHNOLOGY,SULTANPUR [AK383]",73,227405,"Amethi, Sultanpur"
10673,"AK66","RAJEEV ACADEMY FOR PHARMACY,MATHURA [AK66]",54,248003,"Mathura - 281001"
11007,"AK173","RAJEEV ACADEMY FOR TECHNOLOGY & MANAGEMENT,MATHURA [AK173]",54,281001,"Mathura, 281001 U.P."
10674,"AK235","RAJEEV GANDHI COLLEGE OF PHARMACY,MAHARAJGANJ [AK235]",51,273164,"Nautanwa, Maharajganj"
11269,"AK535","RAJENDRA PRASAD COLLEGE OF MANAGEMENT,AZAMGARH [AK535]",6,223221,"Azamgarh - 223221"
35530,"ak1213","Rajkiya Engineering college ,Basti [ak1213]",14,272002,"Bast"
36819,"AK1216","RAJKIYA ENGINEERING COLLEGE PRATAPGARH [AK1216]",64,230127,"PRATAPGARH"
35550,"AK1214","Rajkiya Engineering college, Gonda [AK1214]",33,271002,"Gonda"
35515,"AK1215","Rajkiya Engineering college, Mirzapur [AK1215]",57,231206,"Mirzapur"
11238,"AK737","RAJKIYA ENGINEERING COLLEGE,AMBEDKAR NAGAR [AK737]",4,224122,"Ambedkar Nagar"
11239,"AK736","RAJKIYA ENGINEERING COLLEGE,AZAMGARH [AK736]",6,276201,"Village :Akbalpur, Post : Deogaon, Azamgarh (U.P.) Pin - 276201"
10842,"AK734","RAJKIYA ENGINEERING COLLEGE,BANDA [AK734]",11,210201,"Rajkiya Engineering College, Banda, Banda Chitrakoot Road, Atarra, Banda 210201"
11008,"AK735","RAJKIYA ENGINEERING COLLEGE,BIJNOR [AK735]",17,246725,"Bijnor"
10756,"AK839","RAJKIYA ENGINEERING COLLEGE,KANNAUJ [AK839]",42,209732,"RAJKIYA ENGINEERING COLLEGE KANNAUJ"
10637,"AK840","RAJKIYA ENGINEERING COLLEGE,MAINPURI [AK840]",53,205119,"Rajkiya Engineering College, Agra Road Kharra Mainpuri, Uttar Pradesh - 205119"
11294,"AK841","RAJKIYA ENGINEERING COLLEGE,SONEBHADRA [AK841]",72,231206,"Rajkiya Engineering College, Churk, Sonbhadra, Uttar Pradesh 231206."
10638,"AK479","RAJSHREE INSTITUTE OF MANAGEMENT & TECHNOLOGY,BAREILLY [AK479]",13,243122,"Bareilly"
10639,"AK169","RAKSHAPAL BAHADUR COLLEGE OF PHARMACY,BAREILLY [AK169]",13,243001,"Near ITBP, Bukhara Turn, Buduan Road, Bareilly (U.P.) Pin 243001"
10871,"AK211","RAKSHAPAL BAHADUR MANAGEMENT INSTITUTE,GAUTAM BUDDH NAGAR [AK211]",30,201308,"Plot No-4, Knowledge Park-3 Greater Noida - 201308"
10640,"AK319","RAKSHPAL BAHADUR COLLEGE OF ENGINEERING & TECHNOLOGY,BAREILLY [AK319]",13,243001,"Near ITBP, Bukhara Turn, Buduan Road, Bareilly (U.P.) Pin 243001"
10781,"AK16","RAKSHPAL BAHADUR MANAGEMENT INSTITUTE,BAREILLY [AK16]",13,243001,"Near ITBP, Bukhara Turn, Buduan Road, Bareilly (U.P.) Pin 243001"
11240,"AK117","RAM CHAMELI CHADDHA VISHWASH GIRL COLLEGE,GHAZIABAD [AK117]",31,201003,"C22 Meerut Road Ghaziabad"
10641,"AK93","RAM EESH INSTITUTE OF VOCATIONAL AND TECHNICAL EDUCATION,GAUTAM BUDDH NAGAR [AK93]",30,201310,"3, Knowledge Park-I, Kasna Road, Greater Noida, Gautam Budha Nagar-201310, UP"
11196,"AK940","RAM NAGINA PHARMACY COLLEGE , SONBHADRA [AK940]",72,231208,"VILLAGE- MAJHAULI, POST- JHAROKALAN (RENUKOOT DUDDHI ROAD)"
10642,"AK1006","RAM SINGH COLLEGE OF PHARMACY   , FIROZABAD [AK1006]",29,,"NAGLA SIKANDAR, TUNDLA -ETAH ROAD ,FIROZABAD"
10643,"AK1069","RAMA INSTITUTE OF HIGHER EDUCATION , Bijnor [AK1069]",17,,"Najibabad Road, Kiratpur  Distt:- Bijnor (U. P.)"
10782,"AK920","RAMDENI SINGH JAGDISH SINGH MEMORIAL SAMITI , AZAMGARH [AK920]",6,276122,"VILLAGE BAGHAWAR POST TAHIRPUR DISTRICT AZAMGARH"
11032,"AK203","RAMESHWARAM INSTITUTE OF TECHNOLOGY & MANAGEMENT,LUCKNOW [AK203]",49,227202,"Lucknow - 227202"
10835,"AK358","RAMESHWARAM INSTITUTE OF TECHNOLOGY & MANAGEMENT,LUCKNOW [AK358]",49,227202,"Lucknow - 227202"
19412,"1185","RBS MAHAVIDYALAYA [1185]",38,222125,"GADDOPUR JAUNPUR"
12492,"AK765","REMOTE SENSING APPLICATION CENTRE,LUCKNOW [AK765]",49,226021,""
12464,"AK1051","RIDDHI SIDDHI INSTITUTE OF PHARMACY , LUCKNOW [AK1051]",49,226301,""
10965,"AK374","RISHI INSTITUTE OF ENGINEERING & TECHNOLOGY,MEERUT [AK374]",56,250103,"Meerut"
11295,"AK1088","RISHI RAM NARESH COLLEGE OF PHARMACY,MAU [AK1088]",55,,"MOLANAPUR (AMMA) DUBARI - MAU"
11161,"AK1094","RIYA INTERNATIONAL COLLEGE KALIYANPUR G T ROAD ALIGARH ,ALIGARH [AK1094]",2,,"VILLAGE KALIYANPUR POST KHERA NARAYAN SINGH ALIGARH "
10757,"AK914","RJ COLLEGE OF PHARMACY , ALIGARH [AK914]",2,,"VILLAGE RAIPUR TEHSIL KHAIR DISTRICT ALIGARH"
28288,"AK1195","ROOTS INSTITUTE OF PROFESSIONAL EDUCATION [AK1195]",17,246701,"5.5 KM MILE STONE, GRAM, BIJNOR"
28287,"AK967","ROOTS INSTITUTE OF PROFESSIONAL EDUCATION [AK967]",17,246701,"5.5 KM MILE STONE, GRAM, BIJNOR"
11296,"AK410","RSD ACADEMY, COLLEGE OF MANAGEMENT & TECHNOLOGY,MORADABAD [AK410]",58,244001,"Moradabad"
10783,"AK1039","RUDRA COLLEGE OF PHARMACY , MEERUT [AK1039]",56,250401,"VILLAGE MAWANA KHURD"
10872,"AK732","RUDRA GROUP OF INSTITUTIONS,MEERUT [AK732]",56,250401,"NH-119, MAWANA KHURD MEERUT (U.P)"
38433,"AK1241","RUMA INSTITUTE OF PHARMACY, Pratapgarh [AK1241]",64,230502,"PRATAPGARH"
11325,"AK533","RV NORTHLAND INSTITUE OF MANAGEMENT,GAUTAM BUDDH NAGAR [AK533]",30,203207,"Greater Noida,"
12465,"AK1078","S B S L D COLLEGE OF PHARMACY , ETAH [AK1078]",24,207250,""
11056,"AK145","S R GROUP OF INSTITUTIONS (COLLEGE OF SCIENCE AND ENGINEERING),JHANSI [AK145]",39,284419,"Jhansi"
38430,"AK1194","S R M S INTERNATIONAL BUSINESS SCHOOL, Unnao [AK1194]",74,209859,"Unnao"
10873,"AK1160","S. B. S. DADDU JI COLLEGE OF PHARMACY [AK1160]",27,,"VILLAGE- BHULANPUR CHIRPURA , POST- BHOJPUR , FARRUKHABAD  U.P"
10971,"AK1135","S. J. INSTITUTE OF PHARMACY,KANPUR NAGAR [AK1135]",44,209214,"RAMAIPUR KANPUR NAGAR"
10972,"AK923","S. K. MISHRA COLLEGE OF PHARMACY , AZAMGARH [AK923]",6,,"VILLAGE- BALPUR, POST- SARAIPALTU"
10784,"AK1019","S. N. COLLEGE OF PHARMACY , JAUNPUR [AK1019]",38,,"VILL -BABUPUR, TEHSIL SADAR, DISTRICT: JAUNPUR, PIN : 222132, UTTAR PRADESH"
11009,"AK85","S.D. COLLEGE OF MANAGEMENT STUDIES,MUZAFFARNAGAR [AK85]",59,251001,"Muzaffarnagar - 251001"
10758,"AK83","S.D.COLLEGE OF ENGINEERING & TECHNOLOGY,MUZAFFARNAGAR [AK83]",59,251001,"Muzaffarnagar, UP - 251001"
11197,"AK136","S.D.COLLEGE OF PHARMACY AND VOCATIONAL STUDIES,MUZAFFARNAGAR [AK136]",59,251001,"Bhopa road, Muzaffarnagar - 251001"
10874,"AK993","S.G.M. INSTITUTE OF PHARMACY , GHAZIPUR [AK993]",32,233300,"VILLAGE AND POST- SAHERI"
11198,"AK945","S.N.A. INSTITUTE OF PHARMACY , BARABANKI [AK945]",12,,"Ranapur Haidergarh Barabanki"
10966,"AK966","S.P. COLLEGE OF PHARMACEUTICAL SCIENCE & RESEARCH , BIJNOR [AK966]",17,246725,"VILLAGE SUHNIPUR, TEHSIL CHANDPUR DISTRICT BIJNOR U.P."
10759,"AK364","S.P.MEMORIAL INSTITUTE OF TECHNOLOGY,KAUSHAMBI [AK364]",46,212213,"SPMIT,G.T.Road, Bhiti, Mahgaon Kaushambi/Allahabad, U.P. INDIA"
10785,"AK867","S.R. INSTITUTE OF PHARMACY,BAREILLY [AK867]",13,243001,"MAIKPUR, BHUTA-FARIDPUR ROAD, BHUTA, BAREILLY"
11199,"AK485","S.R.INSTITUTE OF MANAGEMENT & TECHNOLOGY,LUCKNOW [AK485]",49,226201,"NH 24 Sitapur Road Bakshi Ka Talab, Lucknow - 226201"
11091,"AK922","S.S.S. COLLEGE OF PHARMACY , AZAMGARH [AK922]",6,,"VILLAGE- KHORRAMPUR POST- BELAUN"
10786,"AK126","SACHDEVA INSTITUTE OF TECHNOLOGY,MATHURA [AK126]",54,281122,"Mathura - 281122"
10875,"AK134","SACRED HEART INSTITUTE OF MANAGAMENT & TECHNOLOGY,SITAPUR [AK134]",71,261001,"Naipalapur, Sitapur-261001"
11162,"AK941","SAGAR COLLEGE OF PHARMACY  , BARABANKI [AK941]",12,225001,"NH28 LUCKNOW FAIZABAD BY PASS NEAR RASAULI "
11057,"AK301","SAGAR INSTITUTE OF TECHNOLOGY & MANAGEMENT, DEPTT OF PHARMACY,,BARABANKI [AK301]",12,225001,"Barabanki"
11010,"AK141","SAGAR INSTITUTE OF TECHNOLOGY & MANAGEMENT,BARABANKI [AK141]",12,225001,"Barabanki-225001 U.P., India"
11011,"AK636","SAHARANPUR INSTITUTE OF ADVANCE STUDIES,SAHARANPUR [AK636]",67,247001,"PURANI CHNGI SAHARANPUR"
10973,"AK854","SAHARANPUR PHARMACY COLLEGE,SAHARANPUR [AK854]",59,247129,"Vill - Sansarpur, Block - Muzaffarabad, Tehsil - Behat"
10974,"AK910","SAI MEER COLLEGE OF PHARMACY , KANNAUJ [AK910]",42,,"Farrukhabad Road Chhibramau, Kannauj (U.P.) 209721"
11200,"AK1132","SAINATH COLLEGE OF PHARMACY,SONBHADRA [AK1132]",72,,"VILLAGE HINDUWARI ROBERTSGANJ, HINDUWARI, SONEBHADRA, UTTAR PRADESH,231216"
10675,"AK1117","SAINIK PHARMACY COLLEGE,PRAYAGRAJ [AK1117]",3,,"MAI DEVKALI, HANUMANGANJ, PRAYAGRAJ"
11241,"AK1110","SAKSHI COLLEGE OF PHARMACY,KANPUR NAGAR [AK1110]",44,,"309, BAIKUNTHPUR, BITHOOR ROAD, KALYANPUR, KANPUR, UTTAR PRADESH - 208017"
11326,"AK954","SAMAHI COLLEGE OF PHARMACY  , AURAIYA [AK954]",5,,"LAKHANAPUR DIBIYAPUR AURAIYA 206244"
11058,"AK1122","SAMARPAN COLLEGE OF PHARMACY,LUCKNOW [AK1122]",49,,"1056 - Jainabad , Goyala (Chinhat) Dewa Road, Lucknow - 227105"
11327,"AK1041","SAMARTH INSTITUTE FOR EDUCATION AND TECHNOLOGY  , MEERUT [AK1041]",56,,"VILLAAGE- NEK BAGHPAT ROAD , MEERUT"
10609,"AK248","SAMS INSTITUTE OF HOTEL MANAGEMENT,VARANASI [AK248]",75,221003,"Varanasi-221003"
11270,"AK267","SANJAY COLLEGE OF PHARMACY,MATHURA [AK267]",54,281406,"NH#2, Mathura Delhi road, Chaumuhan, Mathura"
10760,"AK826","SANSKAR COLLEGE  OF ARCHITECTURE & PLANNING,GHAZIABAD [AK826]",31,201302,"NH - 24, Near Masuri Canal, Opp. Jindal Pipes Ltd., Ghaziabad"
11059,"AK215","SANSKAR COLLEGE OF ENGINEERING & TECHNOLOGY,GHAZIABAD [AK215]",61,201302,"NH-24 Opp Jindal Pipes Ltd., Jindal Nagar Ghaziabad UP 201302"
10843,"AK625","SANSKAR COLLEGE OF MANAGEMENT & COMPUTER APPLICATION,ALLAHABAD [AK625]",3,221507,"Kaserua Kala, Sahson, Allahabad - 221507"
11297,"AK846","SANSKAR COLLEGE OF PHARMACY & RESEARCH, GHAZIABAD [AK846]",61,201302,"NH-24 Opp. Jindal Pipes Ltd, Jindal Nagar, Ghaziabad, Uttar Pradesh 201302"
10967,"AK888","SANSKRITI COLLEGE OF HIGHER EDUCATION AND STUDIES,KANPUR DEHAT [AK888]",43,209111,"Vill & Post : Bhognipur, Distt. Kanpur Dehat-209111"
12472,"AK1167","SANT BHEEKHADAS NAKCHHED TIWARI PHARMACY COLLEGE [AK1167]",26,224153,""
10933,"AK861","SARAS COLLEGE OF PHARMACY,BAGHPAT [AK861]",7,0,"Meerut-Karnal Highway, Village- Sarora, District- Baghpat"
11033,"AK1080","SARASWATHI COLLEGE OF PHARMACY , GHAZIABAD [AK1080]",31,245304,"NH-24, ANWARPUR PILKHUWA HAPUR"
10876,"AK384","SARASWATI HIGHER EDUCATION & TECHNICAL COLLEGE OF ENGINEERING,VARANASI [AK384]",75,221006,"Varanasi (384)"
11060,"AK442","SARDAR BHAGAT SINGH COLLEGE OF TECHNOLOGY & MANAGEMENT,LUCKNOW [AK442]",49,226101,"Lucknow"
10761,"AK1071","SARDAR PATEL COLLEGE OF PHARMACY , GORAKHPUR [AK1071]",34,273013,"VILLAGE- BANGAI, POST- JHUNGIYA BAZAR, NEAR GULHARIHA THANA, MEDICAL COLLEGE ROAD, GORAKHPUR, UTTAR PRADESH-273013"
10701,"AK529","SAROJ  INSTITUTE OF  MANAGEMENT & TECHNOLOGY,LUCKNOW [AK529]",49,226501,"Lucknow"
10810,"AK123","SAROJ INSTITUTE OF TECH. & MANAGEMENT,LUCKNOW [AK123]",49,226002,"Lucknow - 226002"
10702,"AK300","SARSWATI HIGHIER EDUCATION & TECHNICAL COLLEGE OF PHARMACY,,VARANASI [AK300]",75,221210,"Varanasi"
11201,"AK330","SARSWATI INSTITUTE OF ENGINEERING & TECHNOLOGY,GHAZIABAD [AK330]",61,245304,"NH-24, Pilakhuwa, Hapur-245304 (U.P.)"
11202,"AK911","SARVODHYA ADARSH PHARMACY COLLEGE  , AGRA [AK911]",1,,"C-123, INDUSTRIAL ESTATE SIKANDARA, DISTT - AGRA"
11203,"AK881","SATYADEO COLLEGE OF PHARMACY,GHAZIPUR [AK881]",32,233001,"VILLAGE- BORSIYA, POST- FADANPUR, GHAZIPUR"
11012,"AK790","SCHOOL OF BUSINESS MANAGEMENT & TECHNOLOGY,BULANDSHAHAR [AK790]",19,203001,"School of Business Management & Technology (SBMT), NH-91, Khurja Road, Bulandshahr-203001"
10676,"AK423","SCHOOL OF MANAGEMENT SCIENCES,LUCKNOW [AK423]",49,226501,"Lucknow"
10703,"AK106","SCHOOL OF MANAGEMENT SCIENCES,VARANASI [AK106]",75,221011,"Khushipur, P.O. Bachhaon, Varanasi - 221011"
11163,"AK1090","SCPM COLLEGE OF PHARMACY,GONDA [AK1090]",33,273003,"Lucknow Road, Haripur, Gonda. U.P.-271003"
12474,"AK1170","SD COLLEGE OF SDCIENCE (PHARMACY) [AK1170]",2,NULL,""
10975,"AK1021","SEIKO COLLEGE OF PHARMACY , LUCKNOW [AK1021]",49,,"VILLAGE- NARAINPUR NEAR HARAUNI RAILWAY STATION"
10877,"AK1074","SETH BADRI PRASAD SMARITI MAHAVIDHALAYA DEPARTMENT OF PHARMACY , JALAUN [AK1074]",37,,"MAHESHPUR ROAD   KONCH"
10610,"AK345","SETH VISHAMBHAR NATH INSTITUTE OF ENGG. & TECHNOLOGY,BARABANKI [AK345]",12,225003,"Safedabad, Lucknow-Barabanki Road-225003"
11204,"AK862","SETH VISHAMBHAR NATH INSTITUTE OF PHARMACEUTICAL SCIENCES,BARABANKI [AK862]",12,225301,"Khajoor Gaon at Lucknow Dewa Road District- Barabanki"
11127,"AK863","SETH VISHAMBHAR NATH INSTITUTE OF PHARMACY,BARABANKI [AK863]",12,225301,"Khajoor Gaon at Lucknow Dewa Road"
11242,"AK261","SHAKTI COLLEGE OF PHARMACY,BALRAMPUR [AK261]",10,271201,"Balrampur - 271201"
10934,"AK977","SHAKUNTALA DEVI COLLEGE OF PHARMACY , FARRUKHABAD [AK977]",27,,"KAKYOLI NAWABGANJ FATEHGARH DISTT FARRUKHABAD UP PIN CODE 207501"
11092,"AK162","SHAMBHU NATH INSTITUTE OF ENGG. & TECHNOLGY,ALLAHABAD [AK162]",3,211012,"Allahabad"
10976,"AK241","SHAMBHU NATH INSTITUTE OF PHARMACY,ALLAHABAD [AK241]",3,211012,"Allahabad"
11034,"AK727","SHAMBHUNATH INSTITUTE OF MANAGEMENT,ALLAHABAD [AK727]",3,211012,"Allahabad"
10844,"AK370","SHANTI INSTITUTE OF TECHNOLOGY,MEERUT [AK370]",56,250501,"Meerut"
10762,"AK557","SHANTI NIKETAN TRUST'S GROUP OF INSTITUTIONA,FACULTY OF MANAGEMENT,MEERUT [AK557]",56,250205,"Meerut, Mohiuddinpur - 201205"
11164,"AK1037","SHARDA COLLEGE OF PHARMACY , MEERUT [AK1037]",56,250004,"GARH ROAD"
11328,"AK61","SHERWOOD COLLEGE  OF MANAGEMENT,LUCKNOW [AK61]",49,226016,"Lucknow 226016"
19569,"281","SHERWOOD COLLEGE OF ENG. RESEARCH & TECH. BARABANKI [281]",12,225003,"Barabanki"
10611,"AK281","SHERWOOD COLLEGE OF ENGINEERING RESEARCH & TECHNOLOGY,,BARABANKI [AK281]",12,225003,"Barabanki"
10977,"AK269","SHERWOOD COLLEGE OF PHARMACY,BARABANKI [AK269]",12,225001,"Barabanki, UP"
10878,"AK969","SHIKHAR INSTITUTE OF PHARMACY , BUDAUN [AK969]",18,,"kadar chowk road , shekhupur near kendriya vidhyala sheikhupur"
10978,"AK873","SHIV BALI SINGH GROUP OF EDUCATIONAL AND TRAINING INSTITUTE COLLEGE OF PHARMACY,FATEHPUR [AK873]",28,212664,"VILLAGE-ETRAURA,PILKHANI,POST OFFICE-MALWAN,TEHSIL-BINDKI,DISTRICT-FATEHPUR(U.P.)212664"
10845,"AK7","SHIVDAN SINGH INSTITUTE OF TECHNOLOGY & MANAGEMENT,ALIGARH [AK7]",2,202001,"Aligarh-202001"
11205,"AK536","SHREE JI BABA INSTITUE OF PROFESSIONAL STUDIES,MATHURA [AK536]",54,284001,"Mathura  "
11243,"AK1048","SHREE JI INSTITUTE OF PHARMACEUTICAL EDUCATION AND RESEARCH , MORADABAD [AK1048]",58,,"SIKARPUR SARAI ROAD, BICHOLA DHOOKI, BILARI"
11206,"AK1061","SHREE KRISHNA COLLEGE OF PHARMACY , SITAPUR [AK1061]",71,,"Plot No-94 Ahmad Nagar , Vii & Post : , Naipalapur , Kasraila Road Sitapur"
10677,"AK1083","SHREE SATYA COLLEGE OF HIGHER EDUCATION , MORADABAD [AK1083]",58,244102,"PALLUPURA (LODHIPUR RAJPUT) DELHI ROAD POST PAKBARA"
11093,"AK614","SHREE SATYA INSTITUTE OF MANAGEMENT,MORADABAD [AK614]",58,244102,"Lodhipur Rajput, Pakbara, Moradabad"
11128,"AK1031","SHRI BABULAL COLLEGE OF PHARMACY , MATHURA [AK1031]",54,281502,"BARSANA ROAD, GOVERDHAN"
12489,"AK581","SHRI GIRAIRAJ MAHARAJ INSTITUTE OF MANAGEMENT,MATHURA [AK581]",54,281005,""
10612,"AK13","SHRI GOPICHAND COLLEGE OF  PHARMACY,BAGPAT [AK13]",7,250609,"Ahera-Baghpat.U.P. 250609"
10811,"AK205","SHRI HARISH CHANDRA POST GRADUATE COLLEGE, INSTITUTE OF PHARMACY,VARANASI [AK205]",75,221002,"Harish Chandra P.G. College,  Varanasi - 221002"
10644,"AK475","SHRI JEET RAM SMARAK INSTITUTE OF ENGINEERING & TECHNOLOGY,BAREILLY [AK475]",13,243122,"Khata,Rithora  Bareilly"
10645,"AK929","SHRI KASHI CHANDRADEV YADAV PHARMCY COLLEGE , AZAMGARH [AK929]",6,,"VILLAGE & POST BAMHAUR, DISTRICT AZAMGARH"
11061,"AK488","SHRI NATH JI INSTITUTE FOR TECHNICAL EDUCATION,MEERUT [AK488]",56,250103,"Meerut"
11062,"AK994","SHRI RAJENDAR SINGH COLLEGE OF PHARMACY , HARDOI [AK994]",36,,"POST TODARPUR"
11271,"AK122","SHRI RAM  SWAROOP MEMORIAL COLLEGE OF ENGG. &  MANAGEMENT,LUCKNOW [AK122]",49,226028,"Tewariganj Faizabad Road Lucknow - 227105"
10979,"AK1026","SHRI RAM COLLEGE OF PHARMACY , MUZAFFARNAGAR [AK1026]",59,,"Parikrama Marg, Muzaffarnagar"
10846,"AK1128","SHRI RAM LAKHAN SINGH SHIKSHAN SANSTHAN,JAUNPUR [AK1128]",38,222175," NAKAHARA KHANDEV"
10787,"AK1002","SHRI RAMESHWAR COLLEGE OF PHARMACY , HAPUR [AK1002]",61,,"VILL-KANDOLA,TEH-DHAULANA,DISTT-HAPUR"
11063,"AK14","SHRI RAMMURTI SMARAK COLLEGE OF ENGG AND TECHNOLOGY,BAREILLY [AK14]",13,243202,"Ram Murti Puram, 13 Km. Bareilly-Nainital Road, Bareilly-243202"
11165,"AK1154","SHRI RATAN SINGH COLLEGE OF PHARMACY,SHAHJAHANPUR [AK1154]",68,,"99 101 133 BHUDA MAINARI POWAYAN"
10968,"AK855","SHRI RAWATPURA SARKAR INSTITUTE OF PHARMACY,JHANSI [AK855]",39,284002,"Near Bhojla Unnano Balaji Road, Aari Dist. Jhansi"
11298,"AK1123","SHRI SAI COLLEGE OF PHARMACY,PRAYAGRAJ [AK1123]",3,,"UPARDAHA, HANDIA, PRAYAGARJ - 221502"
10678,"AK1059","SHRI SANTAN PAL SINGH PHARMACY COLLEGE , SHAHJAHANPUR [AK1059]",68,242221,"VILLAGE MIRJAPUR JALALABAD"
11094,"AK912","SHRI SIDDHI VINAYAK COLLEGE OF PHARMACY , AGRA [AK912]",1,283101,"RAIBHA, BICHPURI- ACHHNERA ROAD, AGRA"
11064,"AK703","SHRI SIDDHI VINAYAK INSTITUTE OF MANAGEMENT,BAREILLY [AK703]",13,243002,"Bareilly"
10704,"AK474","SHRI SIDHI VINAYAK INSTITUTE OF TECHNOLOGY,BAREILLY [AK474]",13,243002,"10th K.M Bareilly Nanital Road , Dohna Peetamrai , Bareilly"
11166,"AK1016","SHRI VISHNU BHAGWAN COLLEGE OF PHARMACY , KASGANJ [AK1016]",45,207123,"MALLAH NAGAR, BARELY ROAD, SORON, KASHGANJ, U.P."
10788,"AK1138","SHRI VISHWANATH COLLEGE OF PHARMACY,SULTANPUR [AK1138]",73,,"VILL & POST- KALAN"
11272,"AK1013","SIGNA COLLEGE OF PHARMACY , KANPUR NAGAR [AK1013]",44,,"406 DHARMANGADPUR NEAR SACHENI THANA KANPUR  209304"
10789,"AK265","SIR MADAN LAL INSTITUTE OF MANAGEMENT,ETAWAH [AK265]",25,206001,"Etawah UP"
10812,"AK764","SMT. FULEHRA SMARAK COLLEGE OF PHARMACY,BALLIA [AK764]",9,221712,"Kamtailla, Rasra-Ballia"
11299,"AK168","SMT. VIDYAWATI COLELGE OF PHARMACY,JHANSI [AK168]",39,284121,"Jhansi Up- 284121"
11329,"AK1100","SPECTRUM HI PHARMACY COLLEGE,SULTANPUR [AK1100]",73,228151,"VILLAGE-JAMOLI PURE SHIVDAYAL, POST - KUREBHAR, DISTRICT-SULTANPUR"
11273,"AK323","SPECTRUM INSTITUTE OF PHARMACEUTICAL SCIENCE & RESEARCH,GAUTAM BUDDH NAGAR [AK323]",30,201306,"G.Noida"
10679,"AK387","SR GROUP OF INSTITUTIONS (COLLEGE OF PHARMACY),JHANSI [AK387]",39,284419,"Jhansi"
10790,"AK715","SR GROUP OF INSTITUTIONS(COLLEGE OF ENGINEERING MANAGEMENT & TECHNOLOGY),JHANSI [AK715]",39,284419,"Jhansi"
19430,"595","SRAJAN INSTITUTE OF MANAGEMENT & TECHNOLOGY,BAREILLY [595]",13,243501,"Rehpura Road, Fatehganj Bareilly"
10705,"AK1145","SRAJAN INSTITUTE OF PHARMACY,KHERI [AK1145]",47,262725,"VIIL- DHAKHAWA, PARGANA- KHERI"
10836,"AK1079","SRAM COLLEGE OF PHARMACY , FIROZABAD [AK1079]",29,283103,"NEAR TOLL TAX NH-2 TUNDLA"
12462,"AK1028","SRC PHARMACY COLLEGE , MATHURA [AK1028]",54,281123,""
10813,"AK236","SRI MADAN LAL INSTITUTE OF PHARMACY,ETAWAH [AK236]",25,206001,"Etawah - 206001"
10935,"AK249","SRI RAM COLLEGE OF MANAGEMENT,MUZAFFARNAGAR [AK249]",59,251001,"Muzaffarnagar"
10847,"AK1076","SRI RAM GOPAL COLLEGE OF PHARMACY , AGRA [AK1076]",1,,"PATSAL FATEHPUR SIKRI"
11013,"AK695","SRI RAM GROUP OF COLLEGES,MUZAFFARNAGAR [AK695]",59,251001,"Muzaffarnagar"
11095,"AK450","SRI RAMMURTI SMARAK  COLLEGE OF ENGINEERING  TECHNOLOGY & RESEARCH,BAREILLY [AK450]",13,243202,"Ram Murti Puram, 13th K.M. Bareilly Nainital Road, Prahladpur, Abhaipur, Bhojipura"
10980,"AK745","SRI RAMMURTI SMARAK COLLEGE OF ENGINEERING & TECHNOLOGY,UNNAO [AK745]",74,209859,"35 Km ,Lucknow-Kanpur Highway ,Village-Kushari, Tahsil-Hassangang Distt. Unnao-209859"
28277,"AK1171","SRI SAI RR INSTITUTE OF PHARMACY [AK1171]",2,202001,"ALIGARH"
11129,"AK899","SRI SHARDA INSTITUTE OF MANAGEMENT AND TECHNOLOGY,LUCKNOW [AK899]",49,227125,"Plot No-677, Chandsarai, Gosaiganj, Lucknow"
10981,"AK1113","SRI SURESH CHANDRA EDUCATIONAL INSTITUTE, BHITI, HANDIA, ALLAHABAD,PRAYAGRAJ [AK1113]",3,221502,"SRI SURESH CHANDRA EDUCATIONAL INSTITUTE, BHITI, HANDIA, ALLAHABAD"
42426,"AK1245","SRI VIMAL NATH PHARMACY INSTITUTE [AK1245]",71,261303,"Sitapur"
11096,"AK171","SRI.R.L.T. INSTITUTE OF PHARMECUTICAL SCIENCE & TECHNOLOGY,ETAWAH [AK171]",25,206126,"NH-2,EKDIL ,Etawah (U.P.)206126"
11207,"AK666","SRM BUSINESS SCHOOL,LUCKNOW [AK666]",49,226201,"NH 24 Sitapur Road Bakshi Ka Talab, Lucknow - 226201"
11014,"AK1104","SS COLLEGE OF PHARMACY,MAINPURI [AK1104]",53,,"ASARGARHI, AGRA ROAD MAINPURI"
11300,"AK662","SS INSTITUTE OF MANAGEMENT,LUCKNOW [AK662]",49,226201,"Lucknow"
10848,"AK518","SSLD VARSHNEY  ENGINEERING COLLEGE,ALIGARH [AK518]",2,202001,"13KM stone Aligarh-Kanpur G.T. Road N.H.-91 Aligarh"
10837,"AK708","SSLD VARSHNEY INSTITUTE OF MANAGEMENT & ENGINEERING,ALIGARH [AK708]",2,202001,"13KM stone Aligarh-Kanpur G.T. Road N.H.-91 Aligarh"
10986,"AK868","STELLER INSTITUTE OF PHARMACY,BAREILLY [AK868]",13,243503,"UDAYPUR MOHANLAL, NEAR FARIDPUR BYPASS, FARIDPUR, BAREILLY"
11015,"AK181","STEP H.B.T.I.,KANPUR [AK181]",44,208002,"Kanpur"
10763,"AK582","SUN INSTITUTE OF MANAGEMENT & TECHNOLOGY,SHAHJAHANPUR [AK582]",68,242001,"Sahajahanpur"
35446,"AK1174","SUN PHARMACY COLLEGE, JAUNPUR [AK1174]",38,222132,"JAUNPUR"
11330,"AK327","SUNDER DEEP COLLEGE OF ARCHITECTURE,GHAZIABAD [AK327]",31,201015,"NH-24, Delhi-Hapur Road, Dasna, Ghaziabad 201015"
10987,"AK326","SUNDER DEEP COLLEGE OF HOTEL MANAGEMENT,GHAZIABAD [AK326]",31,201015,"Ghaziabad"
10791,"AK240","SUNDERDEEP ENGINEERING COLLEGE,GHAZIABAD [AK240]",31,201015,"NH-24, Delhi-Hapur Road Ghaziabad"
11244,"AK259","SUNDERDEEP PHARMACY COLLEGE,GHAZIABAD [AK259]",31,201015,"Ghaziabad"
11208,"AK527","SUNRISE INSTITUTE OF ENGINEERING TECHNICAL & MANAGEMENT,UNNAO [AK527]",74,209801,"Campus : Korari kala, Achalganj Road, Unnao 209801 (U.P.)"
10613,"AK490","SUYASH INSTITUTE OF INFORMATION TECHNOLOGY,GORAKHPUR [AK490]",34,273016,"Gorakhpur"
11016,"AK907","SUYASH INSTITUTE OF PHARMACY,GORAKHPUR [AK907]",34,273016,"Arazi no. 137,koni,hakkabad,gorakhpur.273016"
11017,"AK644","SVS GROUP OF INSTITUTIONS,MEERUT [AK644]",56,250401,"Meerut"
10646,"AK921","SWAMI SAHAJANAND COLLEGE OF PHARMACY , AZAMGARH [AK921]",6,,"VILLAGE AND POST-  HARRAIYA"
10838,"AK1133","SWAMI VIVEKANAND COLLEGE OF PHARMACY,BASTI [AK1133]",14,,"MAHRIPUR"
10879,"AK882","TAHIRA INSTITUTE OF MEDICAL SCIENCES,GORAKHPUR [AK882]",34,273001,"institutional plot no.-2, sector-7, GIDA, Gorakhpur"
11097,"AK40","TECHNICAL EDUCATION & RESEARCH INSTITUTE,GAZIPUR [AK40]",32,233001,"Post-Graduate College, Ravindrapuri, Ghazipur - 233001"
10982,"AK996","TECHNO INSTITUTE OF MANAGEMENT SCIENCES , Lucknow [AK996]",49,,"331, ANAURA, FAIZABAD ROAD, NEAR INDIRA CANAL,"
36902,"ak1219","TH. HAR NARAYAN SINGH MAHAVIDYALAYA, KARAILABAGH, PRAYAGRAJ [ak1219]",3,211016,"PRAYAGRAJ"
10764,"AK979","TH. YUGRAJ SINGH PHARMACY COLLEGE , FATEHPUR [AK979]",28,,"SHANTI NAGAR, TOWN FATEHPUR DAKSHIN, TEHSIL-SADAR, DISTRICT-FATEHPUR (UP)"
11018,"AK206","TRANSLAM INSTITUTE OF PHARMACEUTICAL EDUCATION & RESEARCH,MEERUT [AK206]",56,250001,"Rajpura, Mawana Road, Meerut -250001"
11130,"AK321","TRANSLAM INSTITUTE OF TECHNOLOGY & MANAGEMENT,MEERUT [AK321]",56,250001,"RAJPURA MAWANA ROAD MEERUT"
11209,"AK864","TRC MAHAVIDYALAYA, DEPARTMENT OF PHARMACY,BARABANKI [AK864]",12,225122,"VASUDEV NAGAR, SATRIKH, BARABANKI-225122"
11274,"AK590","TRIVEDI INSTITUTE OF MANAGEMENT & TECHNOLOGY,FATEHPUR [AK590]",28,212665,"Fatehpur"
12476,"AK1180","TULSA DEVI INSTITUTE OF PHARMACY AND SCIENCES [AK1180]",26,224213,""
28539,"ak1211","U.P Institute of Design & Research, Lucknow [ak1211]",49,226030,"LUCKNOW"
12493,"AK857","U.P. INSTITUTE OF DESIGN,NOIDA [AK857]",30,201301,""
10614,"AK1035","UMALOK COLLEGE OF PHARMACY , MEERUT [AK1035]",56,250001,"BHATIPURA, GARH ROAD, MEERUT"
11167,"AK79","UNIQUE INSTITUTE OF MANAGEMENT AND TECHNALOGY,,GHAZIABAD [AK79]",31,201206,"UIMT City N.H-58 Near Ganga Canal, Muradnagar Ghaziabad - 201206 UP"
11065,"AK193","UNITED COLLEGE OF ENGIINEERING & RESEARCH,GREATER NOIDA,GAUTAM BUDDH NAGAR [AK193]",30,201308,"50 KNOWLEDGE PARK  III, GREATER  NOIDA , G.B.NAGAR. UP"
11210,"AK342","UNITED COLLEGE OF ENGINEERING & MANAGEMENT,ALLAHABAD [AK342]",3,211008,"Allahabad"
10909,"AK10","UNITED COLLEGE OF ENGINEERING & RESEARCH,ALLAHABAD [AK10]",3,211008,"Allahabad-211010"
10706,"AK989","UNITED COLLEGE OF ENGINEERING AND RESEARCH(PHARMACY), GREATER NOIDA , GAUTAM BUDDHA NAGAR [AK989]",30,201308,"50 KNOWLEDGE PARK III, GREATER NOIDA"
11275,"AK11","UNITED INSTITUTE OF MANAGEMENT,ALLAHABAD [AK11]",3,211008,"Allahabad-211010"
10680,"AK212","UNITED INSTITUTE OF MANAGEMENT,GAUTAM BUDDH NAGAR [AK212]",30,201308,"50 KNOWLEDGE PARK  III, GREATER  NOIDA , G.B.NAGAR. UP"
11211,"AK315","UNITED INSTITUTE OF PHARMACY, UNITED COLLEGE OF ENGG. & RESEARCH,,ALLAHABAD [AK315]",3,211008,"Allahabad"
10839,"AK284","UNITED INSTITUTE OF TECHNOLOGY,ALLAHABAD [AK284]",3,211008,"Allahabad"
10765,"AK949","UNIVERSAL INSTITUTE OF PHARMACY , BAREILLY [AK949]",13,,"village rajpuri nawada, 12 km bareilly bisalpur road, bhuta bareilly"
10615,"AK605","UNNATI MANAGEMENT COLLEGE,MATHURA [AK605]",54,281122,"Mathura"
11301,"AK1030","UNNATI PHARMACY COLLEGE , MATHURA [AK1030]",54,,"DEENDAYAL DHAM ROAD, DAULATPUR, FARAH, MATHURA"
10616,"AK975","URMILA COLLEGE OF PHARMACY , FAIZABAD [AK975]",26,,"NH 28 KOTSARAI FAIZABAD"
10988,"AK1115","USHA COLLEGE OF PHARMACY AND MEDICAL SCIENCES,AMBEDKAR NAGAR [AK1115]",4,,"MOH- VIJAYGAON, POST & TEHSIL- AKBARPUR, DISTRICT- AMBEDKAR NAGAR"
11019,"AK757","UTKARSH COLLEGE OF MANAGEMENT EDUCATION,BAREILLY [AK757]",13,243502,"Bareily"
10707,"AK617","UTTAM INSTITUTE OF MANAGEMENT STUDIES,AGRA [AK617]",1,282007,"Kirawali road, Runkata, Agra"
28536,"AK1177","UTTAR PRADESH INSTITUTE OF DESIGN & RESEARCH [AK1177]",49,226030,"LUCKNOW"
12486,"AK44","UTTAR PRADESH TEXTILE TECHNOLOGY INSTITUTE,KANPUR [AK44]",44,208001,""
10766,"AK1118","VANDANA INSTITUTE OF PHARMACY,GHAZIPUR [AK1118]",32,,"VILLAGE AND POST- DARHWAL, TEHSIL- JAKHANIYAN"
10814,"AK1142","VANSHA DEVI MAHAVIDYALAYA,JAUNPUR [AK1142]",38,222125,"VILL-GAJADHARPUR,GADDOPUR,JAUNPUR"
11168,"AK393","VARANASI COLLEGE OF PHARMACY,VARANASI [AK393]",75,221105,"Varanasi - 221105"
10983,"AK962","VEER KUNWAR COLLEGE OF PHARMACY , BIJNOR [AK962]",17,246701,"V. K PURAM NAGINA ROAD BIJNOR 246701"
10989,"AK499","VEER KUNWAR INSTITUTE OF TECHNOLOGY,BIJNAUR [AK499]",17,246701,"V.K. PURAM NAGINA ROAD, BIJNOR - 246701"
10681,"AK856","VEER VIJAY PHARMACY COLLEGE,SAHARANPUR [AK856]",56,247662,"FATEHPUR BHADO POST CHHUTMALPUR SAHARANPUR"
10647,"AK1082","VENKATESHWARA COLLEGE OF PHARMACY , MEERUT [AK1082]",56,250001,"NH 58 JATOLI MEERUT"
10792,"AK1130","VIDUSHI COLLEGE OF PHARMACY,AMBEDKAR NAGAR [AK1130]",4,224157,"VILLAGE - GAURA BASANTPUR POST RAMDAS PATTI KATEHARI AMBEDKAR NAGAR"
12469,"AK1139","VIDYA BHAVAN COLLEGE OF PHARMACY,KANPUR NAGAR [AK1139]",44,209203,""
10682,"AK229","VIDYA COLLEGE OF ENGINEERING,MEERUT [AK229]",56,250002,"Baghat Road, Meerut"
10648,"AK318","VIDYA INSTITUTE OF FASHION TECHNOLOGY,MEERUT [AK318]",56,250002,"Baghpat Road, Meerut"
11020,"AK263","VIDYA SCHOOL OF BUSINESS,MEERUT [AK263]",56,250002,"Baghpat Road, Meerut-250005 U.P."
35447,"ak1202","Vidyawati Devi College of Pharmacy [ak1202]",23,274509,"Deoria"
36903,"AK1228","VIDYAWATI NIGAM MEMORIAL COLLEGE OF PHARMACY, BANDA [AK1228]",11,210001,"BANDA"
10984,"AK1168","VIIT PHARMACY COLLEGE [AK1168]",19,,"VIIT CAMPUS, KHURJA ROAD, BULANDSHAHR"
10840,"AK1147","VIJAY PHARMACY COLLEGE,JAUNPUR [AK1147]",38,222139,"204 HIGHLAND APARTMENT VASUNDHARA ENCLAVE NEW DELHI- 110096"
10936,"AK931","VINAYAK PHARMACY COLLEGE , AZAMGARH [AK931]",6,223227,"VILLAGE AND POST- FARIHA"
10841,"AK593","VINAYAK VIDYAPEETH,MEERUT [AK593]",56,250002,"NH-58,PAWLI KHAS,MODIPURAM,NEAR POTATO RESEARCH CENTRE,MEERUT.(U.P.)"
11245,"AK905","VINDHYA GURUKUL COLLEGE OF PHARMACY,MIRZAPUR [AK905]",57,231304,"GOSAIPUR ,CHUNAR,MIRZAPUR"
11066,"AK987","VISHVESHWARYA COLLEGE OF PHARMACY , GAUTAM BUDDHA NAGAR [AK987]",30,,"20 KMS FROM GHAZIABAD ON GHAZIABAD-BULANDSHAHAR ROAD NEAR DADRI GB NAGAR UP 203207"
11021,"AK96","VISHVESHWARYA GROUP OF INSTITUTIONS,GAUTAM BUDDH NAGAR [AK96]",30,203207,"20 Kms From Ghaziabad on Ghaziabad- Bulandshahr G.T. Road Post Dadri NH-91 Greater Noida Phase-II  Gautam Buddh Nagar Pin 203207"
10793,"AK286","VISHVESHWARYA INSTITUTE OF TECHNOLOGY,GAUTAM BUDDH NAGAR [AK286]",30,203207,"20 Kms From Ghaziabad on Ghaziabad- Bulandshahr G.T. Road Post Dadri NH-91 Greater Noida Phase-II  Gautam Buddh Nagar Pin 203207"
10767,"AK992","VISHWANATH  INSTITUTE OF PHARMACY , GHAZIPUR [AK992]",32,275204,"VILLAGE AND POST RAIPUR"
10937,"AK524","VISION INSTITUTE OF TECHNOLOGY,ALIGARH [AK524]",2,202150,"Shahpur, Madrak, Aligarh-Agra Highway, Approx. 10 km from Sasni Gate; Aligarh-202150"
10985,"AK523","VISION INSTITUTE OF TECHNOLOGY,KANPUR [AK523]",44,209402,"Kanpur"
11302,"AK438","VIVEK COLLEGE OF MANAGEMENT & TECHNOLOGY,BIJNAUR [AK438]",17,246701,"BIJNOR"
10708,"AK210","VIVEK COLLEGE OF TECHNICAL EDUCATION,BIJNAUR [AK210]",17,246701,"Bijnor"
12485,"AK223","VIVEKANAND INSTITUTE OF TECHNOLOGY & SCIENCE,GHAZIABAD [AK223]",61,201302,""
11131,"AK340","VIVEKANANDA COLLEGE OF TECHNOLOGY & MANAGEMENT,ALIGARH [AK340]",2,202002,"Aligarh"
11067,"AK898","YASH RAJ INSTITUTE OF PHARMACY,LUCKNOW [AK898]",49,226010,"BAGHAMAU, GOMTI NAGAR VISTAR, SECTOR-6, LUCKNOW"
11246,"AK1140","YASHRAJ COLLEGE OF PROFESSIONAL STUDIES,KANPUR NAGAR [AK1140]",44,,"GRAM JINDAPURWA POST TATIYAGANJ MANDHANA CHOUBEYPUR KANPUR "
11068,"AK886","YOGENDRA NATH SAXENA COLLEGE OF PHARMACY & RESEARCH,JYOTIBA PHULE NAGAR [AK886]",40,244241,"Rampur Bhud Road, Hasanpur (Amroha), U.P."
10815,"AK1159","ZEE COLLEGE OF PHARMACY [AK1159]",74,,"VILLAGE GADAN KHERA, UNNAO 209801"